f_date,f_year,f_DayOfWeek,f_week,f_HolidayType,f_HolidayDays,f_HolidayWhichDay,COVID19,f_weather
20171211,2017,1,50,0,0,0,0,15
20171212,2017,2,50,0,0,0,0,15
20171213,2017,3,50,0,0,0,0,15
20171214,2017,4,50,0,0,0,0,15
20171215,2017,5,50,0,0,0,0,15
20171216,2017,6,50,8,0,0,0,15
20171217,2017,7,50,8,0,0,0,15
20171218,2017,1,51,0,0,0,0,15
20171219,2017,2,51,0,0,0,0,15
20171220,2017,3,51,0,0,0,0,15
20171221,2017,4,51,0,0,0,0,15
20171222,2017,5,51,0,0,0,0,15
20171223,2017,6,51,8,0,0,0,15
20171224,2017,7,51,8,0,0,0,15
20171225,2017,1,52,0,0,0,0,15
20171226,2017,2,52,0,0,0,0,15
20171227,2017,3,52,0,0,0,0,15
20171228,2017,4,52,0,0,0,0,15
20171229,2017,5,52,1,0,0,0,15
20171230,2017,6,52,1,3,1,0,15
20171231,2017,7,52,1,3,2,0,15
20180101,2018,1,1,1,3,3,0,15
20180102,2018,2,1,1,0,4,0,15
20180103,2018,3,1,0,0,0,0,15
20180104,2018,4,1,0,0,0,0,15
20180105,2018,5,1,0,0,0,0,15
20180106,2018,6,1,8,0,0,0,15
20180107,2018,7,1,8,0,0,0,15
20180108,2018,1,2,0,0,0,0,15
20180109,2018,2,2,0,0,0,0,15
20180110,2018,3,2,0,0,0,0,15
20180111,2018,4,2,0,0,0,0,15
20180112,2018,5,2,0,0,0,0,15
20180113,2018,6,2,8,0,0,0,15
20180114,2018,7,2,8,0,0,0,15
20180115,2018,1,3,0,0,0,0,15
20180116,2018,2,3,0,0,0,0,15
20180117,2018,3,3,0,0,0,0,15
20180118,2018,4,3,0,0,0,0,15
20180119,2018,5,3,0,0,0,0,15
20180120,2018,6,3,8,0,0,0,15
20180121,2018,7,3,8,0,0,0,15
20180122,2018,1,4,0,0,0,0,15
20180123,2018,2,4,0,0,0,0,15
20180124,2018,3,4,0,0,0,0,15
20180125,2018,4,4,0,0,0,0,15
20180126,2018,5,4,0,0,0,0,15
20180127,2018,6,4,8,0,0,0,15
20180128,2018,7,4,8,0,0,0,15
20180129,2018,1,5,0,0,0,0,15
20180130,2018,2,5,0,0,0,0,15
20180131,2018,3,5,0,0,0,0,15
20180201,2018,4,5,0,0,0,0,15
20180202,2018,5,5,0,0,0,0,15
20180203,2018,6,5,8,0,0,0,15
20180204,2018,7,5,8,0,0,0,15
20180205,2018,1,6,0,0,0,0,15
20180206,2018,2,6,0,0,0,0,15
20180207,2018,3,6,0,0,0,0,15
20180208,2018,4,6,0,0,0,0,15
20180209,2018,5,6,0,0,0,0,15
20180210,2018,6,6,2,0,0,0,15
20180211,2018,7,6,2,11,1,0,15
20180212,2018,1,7,2,11,2,0,15
20180213,2018,2,7,2,11,3,0,15
20180214,2018,3,7,2,11,4,0,15
20180215,2018,4,7,2,11,5,0,15
20180216,2018,5,7,2,11,6,0,15
20180217,2018,6,7,2,11,7,0,15
20180218,2018,7,7,2,11,8,0,15
20180219,2018,1,8,2,11,9,0,15
20180220,2018,2,8,2,11,10,0,15
20180221,2018,3,8,2,11,11,0,15
20180222,2018,4,8,2,0,12,0,15
20180223,2018,5,8,0,0,0,0,15
20180224,2018,6,8,9,0,0,0,15
20180225,2018,7,8,8,0,0,0,15
20180226,2018,1,9,0,0,0,0,15
20180227,2018,2,9,0,0,0,0,15
20180228,2018,3,9,0,0,0,0,15
20180301,2018,4,9,0,0,0,0,15
20180302,2018,5,9,0,0,0,0,15
20180303,2018,6,9,8,0,0,0,15
20180304,2018,7,9,8,0,0,0,15
20180305,2018,1,10,0,0,0,0,15
20180306,2018,2,10,0,0,0,0,15
20180307,2018,3,10,0,0,0,0,15
20180308,2018,4,10,0,0,0,0,15
20180309,2018,5,10,0,0,0,0,15
20180310,2018,6,10,8,0,0,0,15
20180311,2018,7,10,8,0,0,0,15
20180312,2018,1,11,0,0,0,0,15
20180313,2018,2,11,0,0,0,0,15
20180314,2018,3,11,0,0,0,0,15
20180315,2018,4,11,0,0,0,0,15
20180316,2018,5,11,0,0,0,0,15
20180317,2018,6,11,8,0,0,0,15
20180318,2018,7,11,8,0,0,0,15
20180319,2018,1,12,0,0,0,0,15
20180320,2018,2,12,0,0,0,0,15
20180321,2018,3,12,0,0,0,0,15
20180322,2018,4,12,0,0,0,0,15
20180323,2018,5,12,0,0,0,0,15
20180324,2018,6,12,8,0,0,0,15
20180325,2018,7,12,8,0,0,0,15
20180326,2018,1,13,0,0,0,0,15
20180327,2018,2,13,0,0,0,0,15
20180328,2018,3,13,0,0,0,0,15
20180329,2018,4,13,0,0,0,0,15
20180330,2018,5,13,0,0,0,0,15
20180331,2018,6,13,8,0,0,0,15
20180401,2018,7,13,8,0,0,0,15
20180402,2018,1,14,0,0,0,0,15
20180403,2018,2,14,0,0,0,0,15
20180404,2018,3,14,3,0,0,0,15
20180405,2018,4,14,3,3,1,0,15
20180406,2018,5,14,3,3,2,0,15
20180407,2018,6,14,3,3,3,0,15
20180408,2018,7,14,9,0,0,0,15
20180409,2018,1,15,0,0,0,0,15
20180410,2018,2,15,0,0,0,0,15
20180411,2018,3,15,0,0,0,0,15
20180412,2018,4,15,0,0,0,0,15
20180413,2018,5,15,0,0,0,0,15
20180414,2018,6,15,8,0,0,0,15
20180415,2018,7,15,8,0,0,0,15
20180416,2018,1,16,0,0,0,0,15
20180417,2018,2,16,0,0,0,0,15
20180418,2018,3,16,0,0,0,0,15
20180419,2018,4,16,0,0,0,0,15
20180420,2018,5,16,0,0,0,0,15
20180421,2018,6,16,8,0,0,0,15
20180422,2018,7,16,8,0,0,0,15
20180423,2018,1,17,0,0,0,0,15
20180424,2018,2,17,0,0,0,0,15
20180425,2018,3,17,0,0,0,0,15
20180426,2018,4,17,0,0,0,0,15
20180427,2018,5,17,0,0,0,0,15
20180428,2018,6,17,9,0,0,0,15
20180429,2018,7,17,4,3,1,0,15
20180430,2018,1,18,4,3,2,0,15
20180501,2018,2,18,4,3,3,0,15
20180502,2018,3,18,4,0,4,0,15
20180503,2018,4,18,0,0,0,0,15
20180504,2018,5,18,0,0,0,0,15
20180505,2018,6,18,8,0,0,0,15
20180506,2018,7,18,8,0,0,0,15
20180507,2018,1,19,0,0,0,0,15
20180508,2018,2,19,0,0,0,0,15
20180509,2018,3,19,0,0,0,0,15
20180510,2018,4,19,0,0,0,0,15
20180511,2018,5,19,0,0,0,0,15
20180512,2018,6,19,8,0,0,0,15
20180513,2018,7,19,8,0,0,0,15
20180514,2018,1,20,0,0,0,0,15
20180515,2018,2,20,0,0,0,0,15
20180516,2018,3,20,0,0,0,0,15
20180517,2018,4,20,0,0,0,0,15
20180518,2018,5,20,0,0,0,0,15
20180519,2018,6,20,8,0,0,0,15
20180520,2018,7,20,8,0,0,0,15
20180521,2018,1,21,0,0,0,0,15
20180522,2018,2,21,0,0,0,0,15
20180523,2018,3,21,0,0,0,0,15
20180524,2018,4,21,0,0,0,0,15
20180525,2018,5,21,0,0,0,0,15
20180526,2018,6,21,8,0,0,0,15
20180527,2018,7,21,8,0,0,0,15
20180528,2018,1,22,0,0,0,0,15
20180529,2018,2,22,0,0,0,0,15
20180530,2018,3,22,0,0,0,0,15
20180531,2018,4,22,0,0,0,0,15
20180601,2018,5,22,0,0,0,0,15
20180602,2018,6,22,8,0,0,0,15
20180603,2018,7,22,8,0,0,0,15
20180604,2018,1,23,0,0,0,0,15
20180605,2018,2,23,0,0,0,0,15
20180606,2018,3,23,0,0,0,0,15
20180607,2018,4,23,0,0,0,0,15
20180608,2018,5,23,0,0,0,0,15
20180609,2018,6,23,8,0,0,0,15
20180610,2018,7,23,8,0,0,0,15
20180611,2018,1,24,0,0,0,0,15
20180612,2018,2,24,0,0,0,0,15
20180613,2018,3,24,0,0,0,0,15
20180614,2018,4,24,0,0,0,0,15
20180615,2018,5,24,5,0,0,0,15
20180616,2018,6,24,5,3,1,0,15
20180617,2018,7,24,5,3,2,0,15
20180618,2018,1,25,5,3,3,0,15
20180619,2018,2,25,5,0,4,0,15
20180620,2018,3,25,0,0,0,0,15
20180621,2018,4,25,0,0,0,0,15
20180622,2018,5,25,0,0,0,0,15
20180623,2018,6,25,8,0,0,0,15
20180624,2018,7,25,8,0,0,0,15
20180625,2018,1,26,0,0,0,0,15
20180626,2018,2,26,0,0,0,0,15
20180627,2018,3,26,0,0,0,0,15
20180628,2018,4,26,0,0,0,0,15
20180629,2018,5,26,0,0,0,0,15
20180630,2018,6,26,8,0,0,0,15
20180701,2018,7,26,8,0,0,0,15
20180702,2018,1,27,11,0,0,0,15
20180703,2018,2,27,11,0,0,0,15
20180704,2018,3,27,11,0,0,0,15
20180705,2018,4,27,11,0,0,0,15
20180706,2018,5,27,11,0,0,0,15
20180707,2018,6,27,11,0,0,0,15
20180708,2018,7,27,11,0,0,0,15
20180709,2018,1,28,11,0,0,0,15
20180710,2018,2,28,11,0,0,0,15
20180711,2018,3,28,11,0,0,0,15
20180712,2018,4,28,11,0,0,0,15
20180713,2018,5,28,11,0,0,0,15
20180714,2018,6,28,11,0,0,0,15
20180715,2018,7,28,11,0,0,0,15
20180716,2018,1,29,11,0,0,0,15
20180717,2018,2,29,11,0,0,0,15
20180718,2018,3,29,11,0,0,0,15
20180719,2018,4,29,11,0,0,0,15
20180720,2018,5,29,11,0,0,0,15
20180721,2018,6,29,11,0,0,0,15
20180722,2018,7,29,11,0,0,0,15
20180723,2018,1,30,11,0,0,0,15
20180724,2018,2,30,11,0,0,0,15
20180725,2018,3,30,11,0,0,0,15
20180726,2018,4,30,11,0,0,0,15
20180727,2018,5,30,11,0,0,0,15
20180728,2018,6,30,11,0,0,0,15
20180729,2018,7,30,11,0,0,0,15
20180730,2018,1,31,11,0,0,0,15
20180731,2018,2,31,11,0,0,0,15
20180801,2018,3,31,11,0,0,0,15
20180802,2018,4,31,11,0,0,0,15
20180803,2018,5,31,11,0,0,0,15
20180804,2018,6,31,11,0,0,0,15
20180805,2018,7,31,11,0,0,0,15
20180806,2018,1,32,11,0,0,0,15
20180807,2018,2,32,11,0,0,0,15
20180808,2018,3,32,11,0,0,0,15
20180809,2018,4,32,11,0,0,0,15
20180810,2018,5,32,11,0,0,0,15
20180811,2018,6,32,11,0,0,0,15
20180812,2018,7,32,11,0,0,0,15
20180813,2018,1,33,11,0,0,0,15
20180814,2018,2,33,11,0,0,0,15
20180815,2018,3,33,11,0,0,0,15
20180816,2018,4,33,11,0,0,0,15
20180817,2018,5,33,11,0,0,0,15
20180818,2018,6,33,11,0,0,0,15
20180819,2018,7,33,11,0,0,0,15
20180820,2018,1,34,11,0,0,0,15
20180821,2018,2,34,11,0,0,0,15
20180822,2018,3,34,11,0,0,0,15
20180823,2018,4,34,11,0,0,0,15
20180824,2018,5,34,11,0,0,0,15
20180825,2018,6,34,11,0,0,0,15
20180826,2018,7,34,11,0,0,0,15
20180827,2018,1,35,11,0,0,0,15
20180828,2018,2,35,11,0,0,0,15
20180829,2018,3,35,11,0,0,0,15
20180830,2018,4,35,11,0,0,0,15
20180831,2018,5,35,11,0,0,0,15
20180901,2018,6,35,11,0,0,0,15
20180902,2018,7,35,11,0,0,0,15
20180903,2018,1,36,0,0,0,0,15
20180904,2018,2,36,0,0,0,0,15
20180905,2018,3,36,0,0,0,0,15
20180906,2018,4,36,0,0,0,0,15
20180907,2018,5,36,0,0,0,0,15
20180908,2018,6,36,8,0,0,0,15
20180909,2018,7,36,8,0,0,0,15
20180910,2018,1,37,0,0,0,0,15
20180911,2018,2,37,0,0,0,0,15
20180912,2018,3,37,0,0,0,0,15
20180913,2018,4,37,0,0,0,0,15
20180914,2018,5,37,0,0,0,0,15
20180915,2018,6,37,8,0,0,0,15
20180916,2018,7,37,8,0,0,0,15
20180917,2018,1,38,0,0,0,0,15
20180918,2018,2,38,0,0,0,0,15
20180919,2018,3,38,0,0,0,0,15
20180920,2018,4,38,0,0,0,0,15
20180921,2018,5,38,6,0,0,0,15
20180922,2018,6,38,6,3,1,0,15
20180923,2018,7,38,6,3,2,0,15
20180924,2018,1,39,6,3,3,0,15
20180925,2018,2,39,6,0,4,0,15
20180926,2018,3,39,0,0,0,0,15
20180927,2018,4,39,0,0,0,0,15
20180928,2018,5,39,0,0,0,0,15
20180929,2018,6,39,9,0,0,0,15
20180930,2018,7,39,9,0,0,0,15
20181001,2018,1,40,7,7,1,0,15
20181002,2018,2,40,7,7,2,0,15
20181003,2018,3,40,7,7,3,0,15
20181004,2018,4,40,7,7,4,0,15
20181005,2018,5,40,7,7,5,0,15
20181006,2018,6,40,7,7,6,0,15
20181007,2018,7,40,7,7,7,0,15
20181008,2018,1,41,7,0,8,0,15
20181009,2018,2,41,7,0,9,0,15
20181010,2018,3,41,0,0,0,0,15
20181011,2018,4,41,0,0,0,0,15
20181012,2018,5,41,0,0,0,0,15
20181013,2018,6,41,8,0,0,0,15
20181014,2018,7,41,8,0,0,0,15
20181015,2018,1,42,0,0,0,0,15
20181016,2018,2,42,0,0,0,0,15
20181017,2018,3,42,0,0,0,0,15
20181018,2018,4,42,0,0,0,0,15
20181019,2018,5,42,0,0,0,0,15
20181020,2018,6,42,8,0,0,0,15
20181021,2018,7,42,8,0,0,0,15
20181022,2018,1,43,0,0,0,0,15
20181023,2018,2,43,0,0,0,0,15
20181024,2018,3,43,0,0,0,0,15
20181025,2018,4,43,0,0,0,0,15
20181026,2018,5,43,0,0,0,0,15
20181027,2018,6,43,8,0,0,0,15
20181028,2018,7,43,8,0,0,0,15
20181029,2018,1,44,0,0,0,0,15
20181030,2018,2,44,0,0,0,0,15
20181031,2018,3,44,0,0,0,0,15
20181101,2018,4,44,0,0,0,0,15
20181102,2018,5,44,0,0,0,0,15
20181103,2018,6,44,8,0,0,0,15
20181104,2018,7,44,8,0,0,0,15
20181105,2018,1,45,0,0,0,0,15
20181106,2018,2,45,0,0,0,0,15
20181107,2018,3,45,0,0,0,0,15
20181108,2018,4,45,0,0,0,0,15
20181109,2018,5,45,0,0,0,0,15
20181110,2018,6,45,8,0,0,0,15
20181111,2018,7,45,8,0,0,0,15
20181112,2018,1,46,0,0,0,0,15
20181113,2018,2,46,0,0,0,0,15
20181114,2018,3,46,0,0,0,0,15
20181115,2018,4,46,0,0,0,0,15
20181116,2018,5,46,0,0,0,0,15
20181117,2018,6,46,8,0,0,0,15
20181118,2018,7,46,8,0,0,0,15
20181119,2018,1,47,0,0,0,0,15
20181120,2018,2,47,0,0,0,0,15
20181121,2018,3,47,0,0,0,0,15
20181122,2018,4,47,0,0,0,0,15
20181123,2018,5,47,0,0,0,0,15
20181124,2018,6,47,8,0,0,0,15
20181125,2018,7,47,8,0,0,0,15
20181126,2018,1,48,0,0,0,0,15
20181127,2018,2,48,0,0,0,0,15
20181128,2018,3,48,0,0,0,0,15
20181129,2018,4,48,0,0,0,0,15
20181130,2018,5,48,0,0,0,0,15
20181201,2018,6,48,8,0,0,0,15
20181202,2018,7,48,8,0,0,0,15
20181203,2018,1,49,0,0,0,0,15
20181204,2018,2,49,0,0,0,0,15
20181205,2018,3,49,0,0,0,0,15
20181206,2018,4,49,0,0,0,0,15
20181207,2018,5,49,0,0,0,0,15
20181208,2018,6,49,8,0,0,0,15
20181209,2018,7,49,8,0,0,0,15
20181210,2018,1,50,0,0,0,0,15
20181211,2018,2,50,0,0,0,0,15
20181212,2018,3,50,0,0,0,0,15
20181213,2018,4,50,0,0,0,0,15
20181214,2018,5,50,0,0,0,0,15
20181215,2018,6,50,8,0,0,0,15
20181216,2018,7,50,8,0,0,0,15
20181217,2018,1,51,0,0,0,0,15
20181218,2018,2,51,0,0,0,0,15
20181219,2018,3,51,0,0,0,0,15
20181220,2018,4,51,0,0,0,0,15
20181221,2018,5,51,0,0,0,0,15
20181222,2018,6,51,8,0,0,0,15
20181223,2018,7,51,8,0,0,0,15
20181224,2018,1,52,0,0,0,0,15
20181225,2018,2,52,0,0,0,0,15
20181226,2018,3,52,0,0,0,0,15
20181227,2018,4,52,0,0,0,0,15
20181228,2018,5,52,0,0,0,0,15
20181229,2018,6,52,1,0,0,0,15
20181230,2018,7,52,1,3,1,0,15
20181231,2018,1,1,1,3,2,0,15
20190101,2019,2,1,1,3,3,0,15
20190102,2019,3,1,1,0,4,0,15
20190103,2019,4,1,0,0,0,0,15
20190104,2019,5,1,0,0,0,0,15
20190105,2019,6,1,8,0,0,0,15
20190106,2019,7,1,8,0,0,0,15
20190107,2019,1,2,0,0,0,0,15
20190108,2019,2,2,0,0,0,0,15
20190109,2019,3,2,0,0,0,0,15
20190110,2019,4,2,0,0,0,0,15
20190111,2019,5,2,0,0,0,0,15
20190112,2019,6,2,8,0,0,0,15
20190113,2019,7,2,8,0,0,0,15
20190114,2019,1,3,0,0,0,0,15
20190115,2019,2,3,0,0,0,0,15
20190116,2019,3,3,0,0,0,0,15
20190117,2019,4,3,0,0,0,0,15
20190118,2019,5,3,0,0,0,0,15
20190119,2019,6,3,8,0,0,0,15
20190120,2019,7,3,8,0,0,0,15
20190121,2019,1,4,0,0,0,0,15
20190122,2019,2,4,0,0,0,0,15
20190123,2019,3,4,0,0,0,0,15
20190124,2019,4,4,0,0,0,0,15
20190125,2019,5,4,0,0,0,0,15
20190126,2019,6,4,8,0,0,0,15
20190127,2019,7,4,8,0,0,0,15
20190128,2019,1,5,0,0,0,0,15
20190129,2019,2,5,0,0,0,0,15
20190130,2019,3,5,0,0,0,0,15
20190131,2019,4,5,0,0,0,0,15
20190201,2019,5,5,0,0,0,0,15
20190202,2019,6,5,9,0,0,0,15
20190203,2019,7,5,9,0,0,0,15
20190204,2019,1,6,2,7,1,0,15
20190205,2019,2,6,2,7,2,0,15
20190206,2019,3,6,2,7,3,0,15
20190207,2019,4,6,2,7,4,0,15
20190208,2019,5,6,2,7,5,0,15
20190209,2019,6,6,2,7,6,0,15
20190210,2019,7,6,2,7,7,0,15
20190211,2019,1,7,2,0,8,0,15
20190212,2019,2,7,0,0,0,0,15
20190213,2019,3,7,0,0,0,0,15
20190214,2019,4,7,0,0,0,0,15
20190215,2019,5,7,0,0,0,0,15
20190216,2019,6,7,8,0,0,0,15
20190217,2019,7,7,8,0,0,0,15
20190218,2019,1,8,0,0,0,0,15
20190219,2019,2,8,0,0,0,0,15
20190220,2019,3,8,0,0,0,0,15
20190221,2019,4,8,0,0,0,0,15
20190222,2019,5,8,0,0,0,0,15
20190223,2019,6,8,8,0,0,0,15
20190224,2019,7,8,8,0,0,0,15
20190225,2019,1,9,0,0,0,0,15
20190226,2019,2,9,0,0,0,0,15
20190227,2019,3,9,0,0,0,0,15
20190228,2019,4,9,0,0,0,0,15
20190301,2019,5,9,0,0,0,0,15
20190302,2019,6,9,8,0,0,0,15
20190303,2019,7,9,8,0,0,0,15
20190304,2019,1,10,0,0,0,0,15
20190305,2019,2,10,0,0,0,0,15
20190306,2019,3,10,0,0,0,0,15
20190307,2019,4,10,0,0,0,0,15
20190308,2019,5,10,0,0,0,0,15
20190309,2019,6,10,8,0,0,0,15
20190310,2019,7,10,8,0,0,0,15
20190311,2019,1,11,0,0,0,0,15
20190312,2019,2,11,0,0,0,0,15
20190313,2019,3,11,0,0,0,0,15
20190314,2019,4,11,0,0,0,0,15
20190315,2019,5,11,0,0,0,0,15
20190316,2019,6,11,8,0,0,0,15
20190317,2019,7,11,8,0,0,0,15
20190318,2019,1,12,0,0,0,0,15
20190319,2019,2,12,0,0,0,0,15
20190320,2019,3,12,0,0,0,0,15
20190321,2019,4,12,0,0,0,0,15
20190322,2019,5,12,0,0,0,0,15
20190323,2019,6,12,8,0,0,0,15
20190324,2019,7,12,8,0,0,0,15
20190325,2019,1,13,0,0,0,0,15
20190326,2019,2,13,0,0,0,0,15
20190327,2019,3,13,0,0,0,0,15
20190328,2019,4,13,0,0,0,0,15
20190329,2019,5,13,0,0,0,0,15
20190330,2019,6,13,8,0,0,0,15
20190331,2019,7,13,8,0,0,0,15
20190401,2019,1,14,0,0,0,0,15
20190402,2019,2,14,0,0,0,0,15
20190403,2019,3,14,0,0,0,0,15
20190404,2019,4,14,3,0,0,0,15
20190405,2019,5,14,3,3,1,0,15
20190406,2019,6,14,3,3,2,0,15
20190407,2019,7,14,3,3,3,0,15
20190408,2019,1,15,3,0,4,0,15
20190409,2019,2,15,0,0,0,0,15
20190410,2019,3,15,0,0,0,0,15
20190411,2019,4,15,0,0,0,0,15
20190412,2019,5,15,0,0,0,0,15
20190413,2019,6,15,8,0,0,0,15
20190414,2019,7,15,8,0,0,0,15
20190415,2019,1,16,0,0,0,0,15
20190416,2019,2,16,0,0,0,0,15
20190417,2019,3,16,0,0,0,0,15
20190418,2019,4,16,0,0,0,0,15
20190419,2019,5,16,0,0,0,0,15
20190420,2019,6,16,8,0,0,0,15
20190421,2019,7,16,8,0,0,0,15
20190422,2019,1,17,0,0,0,0,15
20190423,2019,2,17,0,0,0,0,15
20190424,2019,3,17,0,0,0,0,15
20190425,2019,4,17,0,0,0,0,15
20190426,2019,5,17,0,0,0,0,15
20190427,2019,6,17,8,0,0,0,15
20190428,2019,7,17,9,0,0,0,15
20190429,2019,1,18,0,0,0,0,15
20190430,2019,2,18,4,0,0,0,15
20190501,2019,3,18,4,4,1,0,15
20190502,2019,4,18,4,4,2,0,15
20190503,2019,5,18,4,4,3,0,15
20190504,2019,6,18,4,4,4,0,15
20190505,2019,7,18,9,0,0,0,15
20190506,2019,1,19,0,0,0,0,15
20190507,2019,2,19,0,0,0,0,15
20190508,2019,3,19,0,0,0,0,15
20190509,2019,4,19,0,0,0,0,15
20190510,2019,5,19,0,0,0,0,15
20190511,2019,6,19,8,0,0,0,15
20190512,2019,7,19,8,0,0,0,15
20190513,2019,1,20,0,0,0,0,15
20190514,2019,2,20,0,0,0,0,15
20190515,2019,3,20,0,0,0,0,15
20190516,2019,4,20,0,0,0,0,15
20190517,2019,5,20,0,0,0,0,15
20190518,2019,6,20,8,0,0,0,15
20190519,2019,7,20,8,0,0,0,15
20190520,2019,1,21,0,0,0,0,15
20190521,2019,2,21,0,0,0,0,15
20190522,2019,3,21,0,0,0,0,15
20190523,2019,4,21,0,0,0,0,15
20190524,2019,5,21,0,0,0,0,15
20190525,2019,6,21,8,0,0,0,15
20190526,2019,7,21,8,0,0,0,15
20190527,2019,1,22,0,0,0,0,15
20190528,2019,2,22,0,0,0,0,15
20190529,2019,3,22,0,0,0,0,15
20190530,2019,4,22,0,0,0,0,15
20190531,2019,5,22,0,0,0,0,15
20190601,2019,6,22,8,0,0,0,15
20190602,2019,7,22,8,0,0,0,15
20190603,2019,1,23,0,0,0,0,15
20190604,2019,2,23,0,0,0,0,15
20190605,2019,3,23,0,0,0,0,15
20190606,2019,4,23,5,0,0,0,15
20190607,2019,5,23,5,3,1,0,15
20190608,2019,6,23,5,3,2,0,15
20190609,2019,7,23,5,3,3,0,15
20190610,2019,1,24,5,0,4,0,15
20190611,2019,2,24,0,0,0,0,15
20190612,2019,3,24,0,0,0,0,15
20190613,2019,4,24,0,0,0,0,15
20190614,2019,5,24,0,0,0,0,15
20190615,2019,6,24,8,0,0,0,15
20190616,2019,7,24,8,0,0,0,15
20190617,2019,1,25,0,0,0,0,15
20190618,2019,2,25,0,0,0,0,15
20190619,2019,3,25,0,0,0,0,15
20190620,2019,4,25,0,0,0,0,15
20190621,2019,5,25,0,0,0,0,15
20190622,2019,6,25,8,0,0,0,15
20190623,2019,7,25,8,0,0,0,15
20190624,2019,1,26,0,0,0,0,15
20190625,2019,2,26,0,0,0,0,15
20190626,2019,3,26,0,0,0,0,15
20190627,2019,4,26,0,0,0,0,15
20190628,2019,5,26,0,0,0,0,15
20190629,2019,6,26,8,0,0,0,15
20190630,2019,7,26,8,0,0,0,15
20190701,2019,1,27,11,0,0,0,15
20190702,2019,2,27,11,0,0,0,15
20190703,2019,3,27,11,0,0,0,15
20190704,2019,4,27,11,0,0,0,15
20190705,2019,5,27,11,0,0,0,15
20190706,2019,6,27,11,0,0,0,15
20190707,2019,7,27,11,0,0,0,15
20190708,2019,1,28,11,0,0,0,15
20190709,2019,2,28,11,0,0,0,15
20190710,2019,3,28,11,0,0,0,15
20190711,2019,4,28,11,0,0,0,15
20190712,2019,5,28,11,0,0,0,15
20190713,2019,6,28,11,0,0,0,15
20190714,2019,7,28,11,0,0,0,15
20190715,2019,1,29,11,0,0,0,15
20190716,2019,2,29,11,0,0,0,15
20190717,2019,3,29,11,0,0,0,15
20190718,2019,4,29,11,0,0,0,15
20190719,2019,5,29,11,0,0,0,15
20190720,2019,6,29,11,0,0,0,15
20190721,2019,7,29,11,0,0,0,15
20190722,2019,1,30,11,0,0,0,15
20190723,2019,2,30,11,0,0,0,15
20190724,2019,3,30,11,0,0,0,15
20190725,2019,4,30,11,0,0,0,15
20190726,2019,5,30,11,0,0,0,15
20190727,2019,6,30,11,0,0,0,15
20190728,2019,7,30,11,0,0,0,15
20190729,2019,1,31,11,0,0,0,15
20190730,2019,2,31,11,0,0,0,15
20190731,2019,3,31,11,0,0,0,15
20190801,2019,4,31,11,0,0,0,15
20190802,2019,5,31,11,0,0,0,15
20190803,2019,6,31,11,0,0,0,15
20190804,2019,7,31,11,0,0,0,15
20190805,2019,1,32,11,0,0,0,15
20190806,2019,2,32,11,0,0,0,15
20190807,2019,3,32,11,0,0,0,15
20190808,2019,4,32,11,0,0,0,15
20190809,2019,5,32,11,0,0,0,15
20190810,2019,6,32,11,0,0,0,15
20190811,2019,7,32,11,0,0,0,15
20190812,2019,1,33,11,0,0,0,15
20190813,2019,2,33,11,0,0,0,15
20190814,2019,3,33,11,0,0,0,15
20190815,2019,4,33,11,0,0,0,15
20190816,2019,5,33,11,0,0,0,15
20190817,2019,6,33,11,0,0,0,15
20190818,2019,7,33,11,0,0,0,15
20190819,2019,1,34,11,0,0,0,15
20190820,2019,2,34,11,0,0,0,15
20190821,2019,3,34,11,0,0,0,15
20190822,2019,4,34,11,0,0,0,15
20190823,2019,5,34,11,0,0,0,15
20190824,2019,6,34,11,0,0,0,15
20190825,2019,7,34,11,0,0,0,15
20190826,2019,1,35,11,0,0,0,15
20190827,2019,2,35,11,0,0,0,15
20190828,2019,3,35,11,0,0,0,15
20190829,2019,4,35,11,0,0,0,15
20190830,2019,5,35,11,0,0,0,15
20190831,2019,6,35,11,0,0,0,15
20190901,2019,7,35,11,0,0,0,15
20190902,2019,1,36,0,0,0,0,15
20190903,2019,2,36,0,0,0,0,15
20190904,2019,3,36,0,0,0,0,15
20190905,2019,4,36,0,0,0,0,15
20190906,2019,5,36,0,0,0,0,15
20190907,2019,6,36,8,0,0,0,15
20190908,2019,7,36,8,0,0,0,15
20190909,2019,1,37,0,0,0,0,15
20190910,2019,2,37,0,0,0,0,15
20190911,2019,3,37,0,0,0,0,15
20190912,2019,4,37,6,0,0,0,15
20190913,2019,5,37,6,3,1,0,15
20190914,2019,6,37,6,3,2,0,15
20190915,2019,7,37,6,3,3,0,15
20190916,2019,1,38,6,0,4,0,15
20190917,2019,2,38,0,0,0,0,15
20190918,2019,3,38,0,0,0,0,15
20190919,2019,4,38,0,0,0,0,15
20190920,2019,5,38,0,0,0,0,15
20190921,2019,6,38,8,0,0,0,15
20190922,2019,7,38,8,0,0,0,15
20190923,2019,1,39,0,0,0,0,15
20190924,2019,2,39,0,0,0,0,15
20190925,2019,3,39,0,0,0,0,15
20190926,2019,4,39,0,0,0,0,15
20190927,2019,5,39,0,0,0,0,15
20190928,2019,6,39,8,0,0,0,15
20190929,2019,7,39,9,0,0,0,15
20190930,2019,1,40,7,0,0,0,15
20191001,2019,2,40,7,7,1,0,15
20191002,2019,3,40,7,7,2,0,15
20191003,2019,4,40,7,7,3,0,15
20191004,2019,5,40,7,7,4,0,15
20191005,2019,6,40,7,7,5,0,15
20191006,2019,7,40,7,7,6,0,15
20191007,2019,1,41,7,7,7,0,15
20191008,2019,2,41,7,0,8,0,15
20191009,2019,3,41,7,0,9,0,15
20191010,2019,4,41,0,0,0,0,15
20191011,2019,5,41,0,0,0,0,15
20191012,2019,6,41,9,0,0,0,15
20191013,2019,7,41,8,0,0,0,15
20191014,2019,1,42,0,0,0,0,15
20191015,2019,2,42,0,0,0,0,15
20191016,2019,3,42,0,0,0,0,15
20191017,2019,4,42,0,0,0,0,15
20191018,2019,5,42,0,0,0,0,15
20191019,2019,6,42,8,0,0,0,15
20191020,2019,7,42,8,0,0,0,15
20191021,2019,1,43,0,0,0,0,15
20191022,2019,2,43,0,0,0,0,15
20191023,2019,3,43,0,0,0,0,15
20191024,2019,4,43,0,0,0,0,15
20191025,2019,5,43,0,0,0,0,15
20191026,2019,6,43,8,0,0,0,15
20191027,2019,7,43,8,0,0,0,15
20191028,2019,1,44,0,0,0,0,15
20191029,2019,2,44,0,0,0,0,15
20191030,2019,3,44,0,0,0,0,15
20191031,2019,4,44,0,0,0,0,15
20191101,2019,5,44,0,0,0,0,15
20191102,2019,6,44,8,0,0,0,15
20191103,2019,7,44,8,0,0,0,15
20191104,2019,1,45,0,0,0,0,15
20191105,2019,2,45,0,0,0,0,15
20191106,2019,3,45,0,0,0,0,15
20191107,2019,4,45,0,0,0,0,15
20191108,2019,5,45,0,0,0,0,15
20191109,2019,6,45,8,0,0,0,15
20191110,2019,7,45,8,0,0,0,15
20191111,2019,1,46,0,0,0,0,15
20191112,2019,2,46,0,0,0,0,15
20191113,2019,3,46,0,0,0,0,15
20191114,2019,4,46,0,0,0,0,15
20191115,2019,5,46,0,0,0,0,15
20191116,2019,6,46,8,0,0,0,15
20191117,2019,7,46,8,0,0,0,15
20191118,2019,1,47,0,0,0,0,15
20191119,2019,2,47,0,0,0,0,15
20191120,2019,3,47,0,0,0,0,15
20191121,2019,4,47,0,0,0,0,15
20191122,2019,5,47,0,0,0,0,15
20191123,2019,6,47,8,0,0,0,15
20191124,2019,7,47,8,0,0,0,15
20191125,2019,1,48,0,0,0,0,15
20191126,2019,2,48,0,0,0,0,15
20191127,2019,3,48,0,0,0,0,15
20191128,2019,4,48,0,0,0,0,15
20191129,2019,5,48,0,0,0,0,15
20191130,2019,6,48,8,0,0,0,15
20191201,2019,7,48,8,0,0,0,15
20191202,2019,1,49,0,0,0,0,15
20191203,2019,2,49,0,0,0,0,15
20191204,2019,3,49,0,0,0,0,15
20191205,2019,4,49,0,0,0,0,15
20191206,2019,5,49,0,0,0,0,15
20191207,2019,6,49,8,0,0,0,15
20191208,2019,7,49,8,0,0,0,15
20191209,2019,1,50,0,0,0,0,15
20191210,2019,2,50,0,0,0,0,15
20191211,2019,3,50,0,0,0,0,15
20191212,2019,4,50,0,0,0,0,15
20191213,2019,5,50,0,0,0,0,15
20191214,2019,6,50,8,0,0,0,15
20191215,2019,7,50,8,0,0,0,15
20191216,2019,1,51,0,0,0,0,15
20191217,2019,2,51,0,0,0,0,15
20191218,2019,3,51,0,0,0,0,15
20191219,2019,4,51,0,0,0,0,15
20191220,2019,5,51,0,0,0,0,15
20191221,2019,6,51,8,0,0,0,15
20191222,2019,7,51,8,0,0,0,15
20191223,2019,1,52,0,0,0,0,15
20191224,2019,2,52,0,0,0,0,15
20191225,2019,3,52,0,0,0,0,15
20191226,2019,4,52,0,0,0,0,15
20191227,2019,5,52,0,0,0,0,15
20191228,2019,6,52,8,0,0,0,15
20191229,2019,7,52,8,0,0,0,15
20191230,2019,1,1,1,0,0,0,15
20191231,2019,2,1,1,2,1,0,15
20200101,2020,3,1,1,2,2,1,15
20200102,2020,4,1,1,0,3,1,15
20200103,2020,5,1,0,0,0,1,15
20200104,2020,6,1,8,0,0,1,15
20200105,2020,7,1,8,0,0,1,15
20200106,2020,1,2,0,0,0,1,15
20200107,2020,2,2,0,0,0,1,15
20200108,2020,3,2,0,0,0,1,15
20200109,2020,4,2,0,0,0,1,15
20200110,2020,5,2,0,0,0,1,15
20200111,2020,6,2,8,0,0,1,15
20200112,2020,7,2,8,0,0,1,15
20200113,2020,1,3,0,0,0,1,15
20200114,2020,2,3,0,0,0,1,15
20200115,2020,3,3,0,0,0,1,15
20200116,2020,4,3,0,0,0,1,15
20200117,2020,5,3,0,0,0,1,15
20200118,2020,6,3,8,0,0,1,15
20200119,2020,7,3,9,0,0,1,15
20200120,2020,1,4,0,0,0,1,15
20200121,2020,2,4,0,0,0,1,15
20200122,2020,3,4,0,0,0,1,15
20200123,2020,4,4,2,0,0,1,15
20200124,2020,5,4,2,10,1,1,15
20200125,2020,6,4,2,10,2,1,15
20200126,2020,7,4,2,10,3,1,15
20200127,2020,1,5,2,10,4,1,15
20200128,2020,2,5,2,10,5,1,15
20200129,2020,3,5,2,10,6,1,15
20200130,2020,4,5,2,10,7,1,15
20200131,2020,5,5,2,10,8,1,15
20200201,2020,6,5,2,10,9,1,15
20200202,2020,7,5,2,10,10,1,15
20200203,2020,1,6,2,0,11,1,15
20200204,2020,2,6,0,0,0,1,15
20200205,2020,3,6,0,0,0,1,15
20200206,2020,4,6,0,0,0,1,15
20200207,2020,5,6,0,0,0,1,15
20200208,2020,6,6,8,0,0,1,15
20200209,2020,7,6,8,0,0,1,15
20200210,2020,1,7,0,0,0,1,15
20200211,2020,2,7,0,0,0,1,15
20200212,2020,3,7,0,0,0,1,15
20200213,2020,4,7,0,0,0,1,15
20200214,2020,5,7,0,0,0,1,15
20200215,2020,6,7,8,0,0,1,15
20200216,2020,7,7,8,0,0,1,15
20200217,2020,1,8,0,0,0,1,15
20200218,2020,2,8,0,0,0,1,15
20200219,2020,3,8,0,0,0,1,15
20200220,2020,4,8,0,0,0,1,15
20200221,2020,5,8,0,0,0,1,15
20200222,2020,6,8,8,0,0,1,15
20200223,2020,7,8,8,0,0,1,15
20200224,2020,1,9,0,0,0,1,15
20200225,2020,2,9,0,0,0,1,15
20200226,2020,3,9,0,0,0,1,15
20200227,2020,4,9,0,0,0,1,15
20200228,2020,5,9,0,0,0,1,15
20200229,2020,6,9,8,0,0,1,15
20200301,2020,7,9,8,0,0,1,15
20200302,2020,1,10,0,0,0,1,15
20200303,2020,2,10,0,0,0,1,15
20200304,2020,3,10,0,0,0,1,15
20200305,2020,4,10,0,0,0,1,15
20200306,2020,5,10,0,0,0,1,15
20200307,2020,6,10,8,0,0,1,15
20200308,2020,7,10,8,0,0,1,15
20200309,2020,1,11,0,0,0,1,15
20200310,2020,2,11,0,0,0,1,15
20200311,2020,3,11,0,0,0,1,15
20200312,2020,4,11,0,0,0,1,15
20200313,2020,5,11,0,0,0,1,15
20200314,2020,6,11,8,0,0,1,15
20200315,2020,7,11,8,0,0,1,15
20200316,2020,1,12,0,0,0,1,15
20200317,2020,2,12,0,0,0,1,15
20200318,2020,3,12,0,0,0,1,15
20200319,2020,4,12,0,0,0,1,15
20200320,2020,5,12,0,0,0,1,15
20200321,2020,6,12,8,0,0,1,15
20200322,2020,7,12,8,0,0,1,15
20200323,2020,1,13,0,0,0,1,15
20200324,2020,2,13,0,0,0,1,15
20200325,2020,3,13,0,0,0,1,15
20200326,2020,4,13,0,0,0,1,15
20200327,2020,5,13,0,0,0,1,15
20200328,2020,6,13,8,0,0,1,15
20200329,2020,7,13,8,0,0,1,15
20200330,2020,1,14,0,0,0,1,15
20200331,2020,2,14,0,0,0,1,15
20200401,2020,3,14,0,0,0,1,15
20200402,2020,4,14,0,0,0,1,15
20200403,2020,5,14,3,0,0,1,15
20200404,2020,6,14,3,3,1,1,15
20200405,2020,7,14,3,3,2,1,15
20200406,2020,1,15,3,3,3,1,15
20200407,2020,2,15,3,0,4,1,15
20200408,2020,3,15,0,0,0,1,15
20200409,2020,4,15,0,0,0,1,15
20200410,2020,5,15,0,0,0,1,15
20200411,2020,6,15,8,0,0,1,15
20200412,2020,7,15,8,0,0,1,15
20200413,2020,1,16,0,0,0,1,15
20200414,2020,2,16,0,0,0,1,15
20200415,2020,3,16,0,0,0,1,15
20200416,2020,4,16,0,0,0,1,15
20200417,2020,5,16,0,0,0,1,15
20200418,2020,6,16,8,0,0,1,15
20200419,2020,7,16,8,0,0,1,15
20200420,2020,1,17,0,0,0,1,15
20200421,2020,2,17,0,0,0,1,15
20200422,2020,3,17,0,0,0,1,15
20200423,2020,4,17,0,0,0,1,15
20200424,2020,5,17,0,0,0,1,15
20200425,2020,6,17,8,0,0,1,15
20200426,2020,7,17,9,0,0,1,15
20200427,2020,1,18,0,0,0,1,15
20200428,2020,2,18,0,0,0,1,15
20200429,2020,3,18,0,0,0,1,15
20200430,2020,4,18,4,0,0,1,15
20200501,2020,5,18,4,5,1,1,15
20200502,2020,6,18,4,5,2,1,15
20200503,2020,7,18,4,5,3,1,15
20200504,2020,1,19,4,5,4,1,15
20200505,2020,2,19,4,5,5,1,15
20200506,2020,3,19,4,0,6,1,15
20200507,2020,4,19,0,0,0,1,15
20200508,2020,5,19,0,0,0,1,15
20200509,2020,6,19,9,0,0,1,15
20200510,2020,7,19,8,0,0,1,15
20200511,2020,1,20,0,0,0,1,15
20200512,2020,2,20,0,0,0,1,15
20200513,2020,3,20,0,0,0,1,15
20200514,2020,4,20,0,0,0,1,15
20200515,2020,5,20,0,0,0,1,15
20200516,2020,6,20,8,0,0,1,15
20200517,2020,7,20,8,0,0,1,15
20200518,2020,1,21,0,0,0,1,15
20200519,2020,2,21,0,0,0,1,15
20200520,2020,3,21,0,0,0,1,15
20200521,2020,4,21,0,0,0,1,15
20200522,2020,5,21,0,0,0,1,15
20200523,2020,6,21,8,0,0,1,15
20200524,2020,7,21,8,0,0,1,15
20200525,2020,1,22,0,0,0,1,15
20200526,2020,2,22,0,0,0,1,15
20200527,2020,3,22,0,0,0,1,15
20200528,2020,4,22,0,0,0,1,15
20200529,2020,5,22,0,0,0,1,15
20200530,2020,6,22,8,0,0,1,15
20200531,2020,7,22,8,0,0,1,15
20200601,2020,1,23,0,0,0,1,15
20200602,2020,2,23,0,0,0,1,15
20200603,2020,3,23,0,0,0,1,15
20200604,2020,4,23,0,0,0,1,15
20200605,2020,5,23,0,0,0,1,15
20200606,2020,6,23,8,0,0,1,15
20200607,2020,7,23,8,0,0,1,15
20200608,2020,1,24,0,0,0,1,15
20200609,2020,2,24,0,0,0,1,15
20200610,2020,3,24,0,0,0,1,15
20200611,2020,4,24,0,0,0,1,15
20200612,2020,5,24,0,0,0,1,15
20200613,2020,6,24,8,0,0,1,15
20200614,2020,7,24,8,0,0,1,15
20200615,2020,1,25,0,0,0,1,15
20200616,2020,2,25,0,0,0,1,15
20200617,2020,3,25,0,0,0,1,15
20200618,2020,4,25,0,0,0,1,15
20200619,2020,5,25,0,0,0,1,15
20200620,2020,6,25,8,0,0,1,15
20200621,2020,7,25,8,0,0,1,15
20200622,2020,1,26,0,0,0,1,15
20200623,2020,2,26,0,0,0,1,15
20200624,2020,3,26,5,0,0,1,15
20200625,2020,4,26,5,3,1,1,15
20200626,2020,5,26,5,3,2,1,15
20200627,2020,6,26,5,3,3,1,15
20200628,2020,7,26,9,0,0,1,15
20200629,2020,1,27,11,0,0,1,15
20200630,2020,2,27,11,0,0,1,15
20200701,2020,3,27,11,0,0,1,15
20200702,2020,4,27,11,0,0,1,15
20200703,2020,5,27,11,0,0,1,15
20200704,2020,6,27,11,0,0,1,15
20200705,2020,7,27,11,0,0,1,15
20200706,2020,1,28,11,0,0,1,15
20200707,2020,2,28,11,0,0,1,15
20200708,2020,3,28,11,0,0,1,15
20200709,2020,4,28,11,0,0,1,15
20200710,2020,5,28,11,0,0,1,15
20200711,2020,6,28,11,0,0,1,15
20200712,2020,7,28,11,0,0,1,15
20200713,2020,1,29,11,0,0,1,15
20200714,2020,2,29,11,0,0,1,15
20200715,2020,3,29,11,0,0,1,15
20200716,2020,4,29,11,0,0,1,15
20200717,2020,5,29,11,0,0,1,15
20200718,2020,6,29,11,0,0,1,15
20200719,2020,7,29,11,0,0,1,15
20200720,2020,1,30,11,0,0,1,15
20200721,2020,2,30,11,0,0,1,15
20200722,2020,3,30,11,0,0,1,15
20200723,2020,4,30,11,0,0,1,15
20200724,2020,5,30,11,0,0,1,15
20200725,2020,6,30,11,0,0,1,15
20200726,2020,7,30,11,0,0,1,15
20200727,2020,1,31,11,0,0,1,15
20200728,2020,2,31,11,0,0,1,15
20200729,2020,3,31,11,0,0,1,15
20200730,2020,4,31,11,0,0,1,15
20200731,2020,5,31,11,0,0,1,15
20200801,2020,6,31,11,0,0,1,15
20200802,2020,7,31,11,0,0,1,15
20200803,2020,1,32,11,0,0,1,15
20200804,2020,2,32,11,0,0,1,15
20200805,2020,3,32,11,0,0,1,15
20200806,2020,4,32,11,0,0,1,15
20200807,2020,5,32,11,0,0,1,15
20200808,2020,6,32,11,0,0,1,15
20200809,2020,7,32,11,0,0,1,15
20200810,2020,1,33,11,0,0,1,15
20200811,2020,2,33,11,0,0,1,15
20200812,2020,3,33,11,0,0,1,15
20200813,2020,4,33,11,0,0,1,15
20200814,2020,5,33,11,0,0,1,15
20200815,2020,6,33,11,0,0,1,15
20200816,2020,7,33,11,0,0,1,15
20200817,2020,1,34,11,0,0,1,15
20200818,2020,2,34,11,0,0,1,15
20200819,2020,3,34,11,0,0,1,15
20200820,2020,4,34,11,0,0,1,15
20200821,2020,5,34,11,0,0,1,15
20200822,2020,6,34,11,0,0,1,15
20200823,2020,7,34,11,0,0,1,15
20200824,2020,1,35,11,0,0,1,15
20200825,2020,2,35,11,0,0,1,15
20200826,2020,3,35,11,0,0,1,15
20200827,2020,4,35,11,0,0,1,15
20200828,2020,5,35,11,0,0,1,15
20200829,2020,6,35,11,0,0,1,15
20200830,2020,7,35,11,0,0,1,15
20200831,2020,1,36,0,0,0,1,15
20200901,2020,2,36,0,0,0,1,15
20200902,2020,3,36,0,0,0,1,15
20200903,2020,4,36,0,0,0,1,15
20200904,2020,5,36,0,0,0,1,15
20200905,2020,6,36,8,0,0,1,15
20200906,2020,7,36,8,0,0,1,15
20200907,2020,1,37,0,0,0,1,15
20200908,2020,2,37,0,0,0,1,15
20200909,2020,3,37,0,0,0,1,15
20200910,2020,4,37,0,0,0,1,15
20200911,2020,5,37,0,0,0,1,15
20200912,2020,6,37,8,0,0,1,15
20200913,2020,7,37,8,0,0,1,15
20200914,2020,1,38,0,0,0,1,15
20200915,2020,2,38,0,0,0,1,15
20200916,2020,3,38,0,0,0,1,15
20200917,2020,4,38,0,0,0,1,15
20200918,2020,5,38,0,0,0,1,15
20200919,2020,6,38,8,0,0,1,15
20200920,2020,7,38,8,0,0,1,15
20200921,2020,1,39,0,0,0,1,15
20200922,2020,2,39,0,0,0,1,15
20200923,2020,3,39,0,0,0,1,15
20200924,2020,4,39,0,0,0,1,15
20200925,2020,5,39,0,0,0,1,15
20200926,2020,6,39,8,0,0,1,15
20200927,2020,7,39,9,0,0,1,15
20200928,2020,1,40,0,0,0,1,15
20200929,2020,2,40,0,0,0,1,15
20200930,2020,3,40,7,0,0,1,15
20201001,2020,4,40,7,8,1,1,15
20201002,2020,5,40,7,8,2,1,15
20201003,2020,6,40,7,8,3,1,15
20201004,2020,7,40,7,8,4,1,15
20201005,2020,1,41,7,8,5,1,15
20201006,2020,2,41,7,8,6,1,15
20201007,2020,3,41,7,8,7,1,15
20201008,2020,4,41,7,8,8,1,15
20201009,2020,5,41,7,0,9,1,15
20201010,2020,6,41,9,0,0,1,15
20201011,2020,7,41,8,0,0,1,15
20201012,2020,1,42,0,0,0,1,15
20201013,2020,2,42,0,0,0,1,15
20201014,2020,3,42,0,0,0,1,15
20201015,2020,4,42,0,0,0,1,15
20201016,2020,5,42,0,0,0,1,15
20201017,2020,6,42,8,0,0,1,15
20201018,2020,7,42,8,0,0,1,15
20201019,2020,1,43,0,0,0,1,15
20201020,2020,2,43,0,0,0,1,15
20201021,2020,3,43,0,0,0,1,15
20201022,2020,4,43,0,0,0,1,15
20201023,2020,5,43,0,0,0,1,15
20201024,2020,6,43,8,0,0,1,15
20201025,2020,7,43,8,0,0,1,15
20201026,2020,1,44,0,0,0,1,15
20201027,2020,2,44,0,0,0,1,15
20201028,2020,3,44,0,0,0,1,15
20201029,2020,4,44,0,0,0,1,15
20201030,2020,5,44,0,0,0,1,15
20201031,2020,6,44,8,0,0,1,15
20201101,2020,7,44,8,0,0,1,15
20201102,2020,1,45,0,0,0,1,15
20201103,2020,2,45,0,0,0,1,15
20201104,2020,3,45,0,0,0,1,15
20201105,2020,4,45,0,0,0,1,15
20201106,2020,5,45,0,0,0,1,15
20201107,2020,6,45,8,0,0,1,15
20201108,2020,7,45,8,0,0,1,15
20201109,2020,1,46,0,0,0,1,15
20201110,2020,2,46,0,0,0,1,15
20201111,2020,3,46,0,0,0,1,15
20201112,2020,4,46,0,0,0,1,15
20201113,2020,5,46,0,0,0,1,15
20201114,2020,6,46,8,0,0,1,15
20201115,2020,7,46,8,0,0,1,15
20201116,2020,1,47,0,0,0,1,15
20201117,2020,2,47,0,0,0,1,15
20201118,2020,3,47,0,0,0,1,15
20201119,2020,4,47,0,0,0,1,15
20201120,2020,5,47,0,0,0,1,15
20201121,2020,6,47,8,0,0,1,15
20201122,2020,7,47,8,0,0,1,15
20201123,2020,1,48,0,0,0,1,15
20201124,2020,2,48,0,0,0,1,15
20201125,2020,3,48,0,0,0,1,15
20201126,2020,4,48,0,0,0,1,15
20201127,2020,5,48,0,0,0,1,15
20201128,2020,6,48,8,0,0,1,15
20201129,2020,7,48,8,0,0,1,15
20201130,2020,1,49,0,0,0,1,15
20201201,2020,2,49,0,0,0,1,15
20201202,2020,3,49,0,0,0,1,15
20201203,2020,4,49,0,0,0,1,15
20201204,2020,5,49,0,0,0,1,15
20201205,2020,6,49,8,0,0,1,15
20201206,2020,7,49,8,0,0,1,15
20201207,2020,1,50,0,0,0,1,15
20201208,2020,2,50,0,0,0,1,15
20201209,2020,3,50,0,0,0,1,15
20201210,2020,4,50,0,0,0,1,15
20201211,2020,5,50,0,0,0,1,15
20201212,2020,6,50,8,0,0,1,15
20201213,2020,7,50,8,0,0,1,15
20201214,2020,1,51,0,0,0,1,15
20201215,2020,2,51,0,0,0,1,15
20201216,2020,3,51,0,0,0,1,15
20201217,2020,4,51,0,0,0,1,15
20201218,2020,5,51,0,0,0,1,15
20201219,2020,6,51,8,0,0,1,15
20201220,2020,7,51,8,0,0,1,15
20201221,2020,1,52,0,0,0,1,15
20201222,2020,2,52,0,0,0,1,15
20201223,2020,3,52,0,0,0,1,15
20201224,2020,4,52,0,0,0,1,15
20201225,2020,5,52,0,0,0,1,15
20201226,2020,6,52,8,0,0,1,15
20201227,2020,7,52,8,0,0,1,15
20201228,2020,1,53,0,0,0,1,15
20201229,2020,2,53,0,0,0,1,15
20201230,2020,3,53,0,0,0,1,15
20201231,2020,4,53,1,0,0,1,15
20210101,2021,5,53,1,3,1,0,15
20210102,2021,6,53,1,3,2,0,15
20210103,2021,7,53,1,3,3,0,15
20210104,2021,1,1,1,0,4,0,15
20210105,2021,2,1,0,0,0,0,15
20210106,2021,3,1,0,0,0,0,15
20210107,2021,4,1,0,0,0,0,15
20210108,2021,5,1,0,0,0,0,15
20210109,2021,6,1,8,0,0,0,15
20210110,2021,7,1,8,0,0,0,15
20210111,2021,1,2,0,0,0,0,15
20210112,2021,2,2,0,0,0,0,15
20210113,2021,3,2,0,0,0,0,15
20210114,2021,4,2,0,0,0,0,15
20210115,2021,5,2,0,0,0,0,15
20210116,2021,6,2,8,0,0,0,15
20210117,2021,7,2,8,0,0,0,15
20210118,2021,1,3,0,0,0,0,15
20210119,2021,2,3,0,0,0,0,15
20210120,2021,3,3,0,0,0,0,15
20210121,2021,4,3,0,0,0,0,15
20210122,2021,5,3,0,0,0,0,15
20210123,2021,6,3,8,0,0,0,15
20210124,2021,7,3,8,0,0,0,15
20210125,2021,1,4,0,0,0,0,15
20210126,2021,2,4,0,0,0,0,15
20210127,2021,3,4,0,0,0,0,15
20210128,2021,4,4,0,0,0,0,15
20210129,2021,5,4,0,0,0,0,15
20210130,2021,6,4,8,0,0,0,15
20210131,2021,7,4,8,0,0,0,15
20210201,2021,1,5,0,0,0,0,15
20210202,2021,2,5,0,0,0,0,15
20210203,2021,3,5,0,0,0,0,15
20210204,2021,4,5,0,0,0,0,15
20210205,2021,5,5,0,0,0,0,15
20210206,2021,6,5,8,0,0,0,15
20210207,2021,7,5,9,0,0,0,15
20210208,2021,1,6,0,0,0,0,15
20210209,2021,2,6,0,0,0,0,15
20210210,2021,3,6,2,0,0,0,15
20210211,2021,4,6,2,7,1,0,15
20210212,2021,5,6,2,7,2,0,15
20210213,2021,6,6,2,7,3,0,15
20210214,2021,7,6,2,7,4,0,15
20210215,2021,1,7,2,7,5,0,15
20210216,2021,2,7,2,7,6,0,15
20210217,2021,3,7,2,7,7,0,15
20210218,2021,4,7,2,0,8,0,15
20210219,2021,5,7,0,0,0,0,15
20210220,2021,6,7,9,0,0,0,15
20210221,2021,7,7,8,0,0,0,15
20210222,2021,1,8,0,0,0,0,15
20210223,2021,2,8,0,0,0,0,15
20210224,2021,3,8,0,0,0,0,15
20210225,2021,4,8,0,0,0,0,15
20210226,2021,5,8,0,0,0,0,15
20210227,2021,6,8,8,0,0,0,15
20210228,2021,7,8,8,0,0,0,15
20210301,2021,1,9,0,0,0,0,15
20210302,2021,2,9,0,0,0,0,15
20210303,2021,3,9,0,0,0,0,15
20210304,2021,4,9,0,0,0,0,15
20210305,2021,5,9,0,0,0,0,15
20210306,2021,6,9,8,0,0,0,15
20210307,2021,7,9,8,0,0,0,15
20210308,2021,1,10,0,0,0,0,15
20210309,2021,2,10,0,0,0,0,15
20210310,2021,3,10,0,0,0,0,15
20210311,2021,4,10,0,0,0,0,15
20210312,2021,5,10,0,0,0,0,15
20210313,2021,6,10,8,0,0,0,15
20210314,2021,7,10,8,0,0,0,15
20210315,2021,1,11,0,0,0,0,15
20210316,2021,2,11,0,0,0,0,15
20210317,2021,3,11,0,0,0,0,15
20210318,2021,4,11,0,0,0,0,15
20210319,2021,5,11,0,0,0,0,15
20210320,2021,6,11,8,0,0,0,15
20210321,2021,7,11,8,0,0,0,15
20210322,2021,1,12,0,0,0,0,15
20210323,2021,2,12,0,0,0,0,15
20210324,2021,3,12,0,0,0,0,15
20210325,2021,4,12,0,0,0,0,15
20210326,2021,5,12,0,0,0,0,15
20210327,2021,6,12,8,0,0,0,15
20210328,2021,7,12,8,0,0,0,15
20210329,2021,1,13,0,0,0,0,15
20210330,2021,2,13,0,0,0,0,15
20210331,2021,3,13,0,0,0,0,15
20210401,2021,4,13,0,0,0,0,15
20210402,2021,5,13,3,0,0,0,15
20210403,2021,6,13,3,3,1,0,15
20210404,2021,7,13,3,3,2,0,15
20210405,2021,1,14,3,3,3,0,15
20210406,2021,2,14,3,0,4,0,15
20210407,2021,3,14,0,0,0,0,15
20210408,2021,4,14,0,0,0,0,15
20210409,2021,5,14,0,0,0,0,15
20210410,2021,6,14,8,0,0,0,15
20210411,2021,7,14,8,0,0,0,15
20210412,2021,1,15,0,0,0,0,15
20210413,2021,2,15,0,0,0,0,15
20210414,2021,3,15,0,0,0,0,15
20210415,2021,4,15,0,0,0,0,15
20210416,2021,5,15,0,0,0,0,15
20210417,2021,6,15,8,0,0,0,15
20210418,2021,7,15,8,0,0,0,15
20210419,2021,1,16,0,0,0,0,15
20210420,2021,2,16,0,0,0,0,15
20210421,2021,3,16,0,0,0,0,15
20210422,2021,4,16,0,0,0,0,15
20210423,2021,5,16,0,0,0,0,15
20210424,2021,6,16,8,0,0,0,15
20210425,2021,7,16,9,0,0,0,15
20210426,2021,1,17,0,0,0,0,15
20210427,2021,2,17,0,0,0,0,15
20210428,2021,3,17,0,0,0,0,15
20210429,2021,4,17,0,0,0,0,15
20210430,2021,5,17,4,0,0,0,15
20210501,2021,6,17,4,5,1,0,15
20210502,2021,7,17,4,5,2,0,15
20210503,2021,1,18,4,5,3,0,15
20210504,2021,2,18,4,5,4,0,15
20210505,2021,3,18,4,5,5,0,15
20210506,2021,4,18,4,0,6,0,15
20210507,2021,5,18,0,0,0,0,15
20210508,2021,6,18,9,0,0,0,15
20210509,2021,7,18,8,0,0,0,15
20210510,2021,1,19,0,0,0,0,15
20210511,2021,2,19,0,0,0,0,15
20210512,2021,3,19,0,0,0,0,15
20210513,2021,4,19,0,0,0,0,15
20210514,2021,5,19,0,0,0,0,15
20210515,2021,6,19,8,0,0,0,15
20210516,2021,7,19,8,0,0,0,15
20210517,2021,1,20,0,0,0,0,15
20210518,2021,2,20,0,0,0,0,15
20210519,2021,3,20,0,0,0,0,15
20210520,2021,4,20,0,0,0,0,15
20210521,2021,5,20,0,0,0,0,15
20210522,2021,6,20,8,0,0,0,15
20210523,2021,7,20,8,0,0,0,15
20210524,2021,1,21,0,0,0,0,15
20210525,2021,2,21,0,0,0,0,15
20210526,2021,3,21,0,0,0,0,15
20210527,2021,4,21,0,0,0,0,15
20210528,2021,5,21,0,0,0,0,15
20210529,2021,6,21,8,0,0,0,15
20210530,2021,7,21,8,0,0,0,15
20210531,2021,1,22,0,0,0,0,15
20210601,2021,2,22,0,0,0,0,15
20210602,2021,3,22,0,0,0,0,15
20210603,2021,4,22,0,0,0,0,15
20210604,2021,5,22,0,0,0,0,15
20210605,2021,6,22,8,0,0,0,15
20210606,2021,7,22,8,0,0,0,15
20210607,2021,1,23,0,0,0,0,15
20210608,2021,2,23,0,0,0,0,15
20210609,2021,3,23,0,0,0,0,15
20210610,2021,4,23,0,0,0,0,15
20210611,2021,5,23,5,0,0,0,15
20210612,2021,6,23,5,3,1,0,15
20210613,2021,7,23,5,3,2,0,15
20210614,2021,1,24,5,3,3,0,15
20210615,2021,2,24,5,0,4,0,15
20210616,2021,3,24,0,0,0,0,15
20210617,2021,4,24,0,0,0,0,15
20210618,2021,5,24,0,0,0,0,15
20210619,2021,6,24,8,0,0,0,15
20210620,2021,7,24,8,0,0,0,15
20210621,2021,1,25,0,0,0,0,15
20210622,2021,2,25,0,0,0,0,15
20210623,2021,3,25,0,0,0,0,15
20210624,2021,4,25,0,0,0,0,15
20210625,2021,5,25,0,0,0,0,15
20210626,2021,6,25,8,0,0,0,15
20210627,2021,7,25,8,0,0,0,15
20210628,2021,1,26,0,0,0,0,15
20210629,2021,2,26,0,0,0,0,15
20210630,2021,3,26,0,0,0,0,15
20210701,2021,4,26,0,0,0,0,15
20210702,2021,5,26,0,0,0,0,15
20210703,2021,6,26,8,0,0,0,15
20210704,2021,7,26,8,0,0,0,15
20210705,2021,1,27,11,0,0,0,15
20210706,2021,2,27,11,0,0,0,15
20210707,2021,3,27,11,0,0,0,15
20210708,2021,4,27,11,0,0,0,15
20210709,2021,5,27,11,0,0,0,15
20210710,2021,6,27,11,0,0,0,15
20210711,2021,7,27,11,0,0,0,15
20210712,2021,1,28,11,0,0,0,15
20210713,2021,2,28,11,0,0,0,15
20210714,2021,3,28,11,0,0,0,15
20210715,2021,4,28,11,0,0,0,15
20210716,2021,5,28,11,0,0,0,15
20210717,2021,6,28,11,0,0,0,15
20210718,2021,7,28,11,0,0,0,15
20210719,2021,1,29,11,0,0,0,15
20210720,2021,2,29,11,0,0,0,15
20210721,2021,3,29,11,0,0,0,15
20210722,2021,4,29,11,0,0,0,15
20210723,2021,5,29,11,0,0,0,15
20210724,2021,6,29,11,0,0,0,15
20210725,2021,7,29,11,0,0,0,15
20210726,2021,1,30,11,0,0,0,15
20210727,2021,2,30,11,0,0,0,15
20210728,2021,3,30,11,0,0,0,15
20210729,2021,4,30,11,0,0,0,15
20210730,2021,5,30,11,0,0,0,15
20210731,2021,6,30,11,0,0,0,15
20210801,2021,7,30,11,0,0,0,15
20210802,2021,1,31,11,0,0,0,15
20210803,2021,2,31,11,0,0,0,15
20210804,2021,3,31,11,0,0,0,15
20210805,2021,4,31,11,0,0,0,15
20210806,2021,5,31,11,0,0,0,15
20210807,2021,6,31,11,0,0,0,15
20210808,2021,7,31,11,0,0,0,15
20210809,2021,1,32,11,0,0,0,15
20210810,2021,2,32,11,0,0,0,15
20210811,2021,3,32,11,0,0,0,15
20210812,2021,4,32,11,0,0,0,15
20210813,2021,5,32,11,0,0,0,15
20210814,2021,6,32,11,0,0,0,15
20210815,2021,7,32,11,0,0,0,15
20210816,2021,1,33,11,0,0,0,15
20210817,2021,2,33,11,0,0,0,15
20210818,2021,3,33,11,0,0,0,15
20210819,2021,4,33,11,0,0,0,15
20210820,2021,5,33,11,0,0,0,15
20210821,2021,6,33,11,0,0,0,15
20210822,2021,7,33,11,0,0,0,15
20210823,2021,1,34,11,0,0,0,15
20210824,2021,2,34,11,0,0,0,15
20210825,2021,3,34,11,0,0,0,15
20210826,2021,4,34,11,0,0,0,15
20210827,2021,5,34,11,0,0,0,15
20210828,2021,6,34,11,0,0,0,15
20210829,2021,7,34,11,0,0,0,15
20210830,2021,1,35,11,0,0,0,15
20210831,2021,2,35,11,0,0,0,15
20210901,2021,3,35,11,0,0,0,15
20210902,2021,4,35,11,0,0,0,15
20210903,2021,5,35,11,0,0,0,15
20210904,2021,6,35,11,0,0,0,15
20210905,2021,7,35,11,0,0,0,15
20210906,2021,1,36,0,0,0,0,15
20210907,2021,2,36,0,0,0,0,15
20210908,2021,3,36,0,0,0,0,15
20210909,2021,4,36,0,0,0,0,15
20210910,2021,5,36,0,0,0,0,15
20210911,2021,6,36,8,0,0,0,15
20210912,2021,7,36,8,0,0,0,15
20210913,2021,1,37,0,0,0,0,15
20210914,2021,2,37,0,0,0,0,15
20210915,2021,3,37,0,0,0,0,15
20210916,2021,4,37,0,0,0,0,15
20210917,2021,5,37,0,0,0,0,15
20210918,2021,6,37,9,0,0,0,15
20210919,2021,7,37,6,3,1,0,15
20210920,2021,1,38,6,3,2,0,15
20210921,2021,2,38,6,3,3,0,15
20210922,2021,3,38,6,0,4,0,15
20210923,2021,4,38,0,0,0,0,15
20210924,2021,5,38,0,0,0,0,15
20210925,2021,6,38,8,0,0,0,15
20210926,2021,7,38,9,0,0,0,15
20210927,2021,1,39,0,0,0,0,15
20210928,2021,2,39,0,0,0,0,15
20210929,2021,3,39,0,0,0,0,15
20210930,2021,4,39,7,0,0,0,15
20211001,2021,5,39,7,7,1,0,15
20211002,2021,6,39,7,7,2,0,15
20211003,2021,7,39,7,7,3,0,15
20211004,2021,1,40,7,7,4,0,15
20211005,2021,2,40,7,7,5,0,15
20211006,2021,3,40,7,7,6,0,15
20211007,2021,4,40,7,7,7,0,15
20211008,2021,5,40,7,0,8,0,15
20211009,2021,6,40,9,0,0,0,15
20211010,2021,7,40,8,0,0,0,15
20211011,2021,1,41,0,0,0,0,15
20211012,2021,2,41,0,0,0,0,15
20211013,2021,3,41,0,0,0,0,15
20211014,2021,4,41,0,0,0,0,15
20211015,2021,5,41,0,0,0,0,15
20211016,2021,6,41,8,0,0,0,15
20211017,2021,7,41,8,0,0,0,15
20211018,2021,1,42,0,0,0,0,15
20211019,2021,2,42,0,0,0,0,15
20211020,2021,3,42,0,0,0,0,15
20211021,2021,4,42,0,0,0,0,15
20211022,2021,5,42,0,0,0,0,15
20211023,2021,6,42,8,0,0,0,15
20211024,2021,7,42,8,0,0,0,15
20211025,2021,1,43,0,0,0,0,15
20211026,2021,2,43,0,0,0,0,15
20211027,2021,3,43,0,0,0,0,15
20211028,2021,4,43,0,0,0,0,15
20211029,2021,5,43,0,0,0,0,15
20211030,2021,6,43,8,0,0,0,15
20211031,2021,7,43,8,0,0,0,15
20211101,2021,1,44,0,0,0,0,15
20211102,2021,2,44,0,0,0,0,15
20211103,2021,3,44,0,0,0,0,15
20211104,2021,4,44,0,0,0,0,15
20211105,2021,5,44,0,0,0,0,15
20211106,2021,6,44,8,0,0,0,15
20211107,2021,7,44,8,0,0,0,15
20211108,2021,1,45,0,0,0,0,15
20211109,2021,2,45,0,0,0,0,15
20211110,2021,3,45,0,0,0,0,15
20211111,2021,4,45,0,0,0,0,15
20211112,2021,5,45,0,0,0,0,15
20211113,2021,6,45,8,0,0,0,15
20211114,2021,7,45,8,0,0,0,15
20211115,2021,1,46,0,0,0,0,15
20211116,2021,2,46,0,0,0,0,15
20211117,2021,3,46,0,0,0,0,15
20211118,2021,4,46,0,0,0,0,15
20211119,2021,5,46,0,0,0,0,15
20211120,2021,6,46,8,0,0,0,15
20211121,2021,7,46,8,0,0,0,15
20211122,2021,1,47,0,0,0,0,15
20211123,2021,2,47,0,0,0,0,15
20211124,2021,3,47,0,0,0,0,15
20211125,2021,4,47,0,0,0,0,15
20211126,2021,5,47,0,0,0,0,15
20211127,2021,6,47,8,0,0,0,15
20211128,2021,7,47,8,0,0,0,15
20211129,2021,1,48,0,0,0,0,15
20211130,2021,2,48,0,0,0,0,15
20211201,2021,3,48,0,0,0,0,15
20211202,2021,4,48,0,0,0,0,15
20211203,2021,5,48,0,0,0,0,15
20211204,2021,6,48,8,0,0,0,15
20211205,2021,7,48,8,0,0,0,15
20211206,2021,1,49,0,0,0,0,15
20211207,2021,2,49,0,0,0,0,15
20211208,2021,3,49,0,0,0,0,15
20211209,2021,4,49,0,0,0,0,15
20211210,2021,5,49,0,0,0,0,15
20211211,2021,6,49,8,0,0,0,15
20211212,2021,7,49,8,0,0,0,15
20211213,2021,1,50,0,0,0,0,15
20211214,2021,2,50,0,0,0,0,15
20211215,2021,3,50,0,0,0,0,15
20211216,2021,4,50,0,0,0,0,15
20211217,2021,5,50,0,0,0,0,15
20211218,2021,6,50,8,0,0,0,15
20211219,2021,7,50,8,0,0,0,15
20211220,2021,1,51,0,0,0,0,15
20211221,2021,2,51,0,0,0,0,15
20211222,2021,3,51,0,0,0,0,15
20211223,2021,4,51,0,0,0,0,15
20211224,2021,5,51,0,0,0,0,15
20211225,2021,6,51,8,0,0,0,15
20211226,2021,7,51,8,0,0,0,15
20211227,2021,1,52,0,0,0,0,15
20211228,2021,2,52,0,0,0,0,15
20211229,2021,3,52,0,0,0,0,15
20211230,2021,4,52,0,0,0,0,15
20211231,2021,5,52,1,0,0,0,15
20220101,2022,6,52,1,3,1,0,15
20220102,2022,7,52,1,3,2,0,15
20220103,2022,1,1,1,3,3,0,15
20220104,2022,2,1,1,0,4,0,15
20220105,2022,3,1,0,0,0,0,15
20220106,2022,4,1,0,0,0,0,15
20220107,2022,5,1,0,0,0,0,15
20220108,2022,6,1,8,0,0,0,15
20220109,2022,7,1,8,0,0,0,15
20220110,2022,1,2,0,0,0,0,15
20220111,2022,2,2,0,0,0,0,15
20220112,2022,3,2,0,0,0,0,15
20220113,2022,4,2,0,0,0,0,15
20220114,2022,5,2,0,0,0,0,15
20220115,2022,6,2,8,0,0,0,15
20220116,2022,7,2,8,0,0,0,15
20220117,2022,1,3,0,0,0,0,15
20220118,2022,2,3,0,0,0,0,15
20220119,2022,3,3,0,0,0,0,15
20220120,2022,4,3,0,0,0,0,15
20220121,2022,5,3,0,0,0,0,15
20220122,2022,6,3,8,0,0,0,15
20220123,2022,7,3,8,0,0,0,15
20220124,2022,1,4,0,0,0,0,15
20220125,2022,2,4,0,0,0,0,15
20220126,2022,3,4,0,0,0,0,15
20220127,2022,4,4,0,0,0,0,15
20220128,2022,5,4,0,0,0,0,15
20220129,2022,6,4,9,0,0,0,15
20220130,2022,7,4,9,0,0,0,15
20220131,2022,1,5,2,7,1,0,15
20220201,2022,2,5,2,7,2,0,15
20220202,2022,3,5,2,7,3,0,15
20220203,2022,4,5,2,7,4,0,15
20220204,2022,5,5,2,7,5,0,15
20220205,2022,6,5,2,7,6,0,15
20220206,2022,7,5,2,7,7,0,15
20220207,2022,1,6,2,0,8,0,15
20220208,2022,2,6,0,0,0,0,15
20220209,2022,3,6,0,0,0,0,15
20220210,2022,4,6,0,0,0,0,15
20220211,2022,5,6,0,0,0,0,15
20220212,2022,6,6,8,0,0,0,15
20220213,2022,7,6,8,0,0,0,15
20220214,2022,1,7,0,0,0,0,15
20220215,2022,2,7,0,0,0,0,15
20220216,2022,3,7,0,0,0,0,15
20220217,2022,4,7,0,0,0,0,15
20220218,2022,5,7,0,0,0,0,15
20220219,2022,6,7,8,0,0,0,15
20220220,2022,7,7,8,0,0,0,15
20220221,2022,1,8,0,0,0,0,15
20220222,2022,2,8,0,0,0,0,15
20220223,2022,3,8,0,0,0,0,15
20220224,2022,4,8,0,0,0,0,15
20220225,2022,5,8,0,0,0,0,15
20220226,2022,6,8,8,0,0,0,15
20220227,2022,7,8,8,0,0,0,15
20220228,2022,1,9,0,0,0,0,15
20220301,2022,2,9,0,0,0,0,15
20220302,2022,3,9,0,0,0,0,15
20220303,2022,4,9,0,0,0,0,15
20220304,2022,5,9,0,0,0,0,15
20220305,2022,6,9,8,0,0,0,15
20220306,2022,7,9,8,0,0,0,15
20220307,2022,1,10,0,0,0,0,15
20220308,2022,2,10,0,0,0,0,15
20220309,2022,3,10,0,0,0,0,15
20220310,2022,4,10,0,0,0,0,15
20220311,2022,5,10,0,0,0,0,15
20220312,2022,6,10,8,0,0,0,15
20220313,2022,7,10,8,0,0,0,15
20220314,2022,1,11,0,0,0,0,15
20220315,2022,2,11,0,0,0,0,15
20220316,2022,3,11,0,0,0,0,15
20220317,2022,4,11,0,0,0,0,15
20220318,2022,5,11,0,0,0,0,15
20220319,2022,6,11,8,0,0,0,15
20220320,2022,7,11,8,0,0,0,15
20220321,2022,1,12,0,0,0,0,15
20220322,2022,2,12,0,0,0,0,15
20220323,2022,3,12,0,0,0,0,15
20220324,2022,4,12,0,0,0,0,15
20220325,2022,5,12,0,0,0,0,15
20220326,2022,6,12,8,0,0,0,15
20220327,2022,7,12,8,0,0,0,15
20220328,2022,1,13,0,0,0,0,15
20220329,2022,2,13,0,0,0,0,15
20220330,2022,3,13,0,0,0,0,15
20220331,2022,4,13,0,0,0,0,15
20220401,2022,5,13,0,0,0,0,15
20220402,2022,6,13,9,0,0,0,15
20220403,2022,7,13,3,3,1,0,15
20220404,2022,1,14,3,3,2,0,15
20220405,2022,2,14,3,3,3,0,15
20220406,2022,3,14,3,0,4,0,15
20220407,2022,4,14,0,0,0,0,15
20220408,2022,5,14,0,0,0,0,15
20220409,2022,6,14,8,0,0,0,15
20220410,2022,7,14,8,0,0,0,15
20220411,2022,1,15,0,0,0,0,15
20220412,2022,2,15,0,0,0,0,15
20220413,2022,3,15,0,0,0,0,15
20220414,2022,4,15,0,0,0,0,15
20220415,2022,5,15,0,0,0,0,15
20220416,2022,6,15,8,0,0,0,15
20220417,2022,7,15,8,0,0,0,15
20220418,2022,1,16,0,0,0,0,15
20220419,2022,2,16,0,0,0,0,15
20220420,2022,3,16,0,0,0,0,15
20220421,2022,4,16,0,0,0,0,15
20220422,2022,5,16,0,0,0,0,15
20220423,2022,6,16,8,0,0,0,15
20220424,2022,7,16,9,0,0,0,15
20220425,2022,1,17,0,0,0,0,15
20220426,2022,2,17,0,0,0,0,15
20220427,2022,3,17,0,0,0,0,15
20220428,2022,4,17,0,0,0,0,15
20220429,2022,5,17,4,0,0,0,15
20220430,2022,6,17,4,5,1,0,15
20220501,2022,7,17,4,5,2,0,15
20220502,2022,1,18,4,5,3,0,15
20220503,2022,2,18,4,5,4,0,15
20220504,2022,3,18,4,5,5,0,15
20220505,2022,4,18,4,0,6,0,15
20220506,2022,5,18,0,0,0,0,15
20220507,2022,6,18,9,0,0,0,15
20220508,2022,7,18,8,0,0,0,15
20220509,2022,1,19,0,0,0,0,15
20220510,2022,2,19,0,0,0,0,15
20220511,2022,3,19,0,0,0,0,15
20220512,2022,4,19,0,0,0,0,15
20220513,2022,5,19,0,0,0,0,15
20220514,2022,6,19,8,0,0,0,15
20220515,2022,7,19,8,0,0,0,15
20220516,2022,1,20,0,0,0,0,15
20220517,2022,2,20,0,0,0,0,15
20220518,2022,3,20,0,0,0,0,15
20220519,2022,4,20,0,0,0,0,15
20220520,2022,5,20,0,0,0,0,15
20220521,2022,6,20,8,0,0,0,15
20220522,2022,7,20,8,0,0,0,15
20220523,2022,1,21,0,0,0,0,15
20220524,2022,2,21,0,0,0,0,15
20220525,2022,3,21,0,0,0,0,15
20220526,2022,4,21,0,0,0,0,15
20220527,2022,5,21,0,0,0,0,15
20220528,2022,6,21,8,0,0,0,15
20220529,2022,7,21,8,0,0,0,15
20220530,2022,1,22,0,0,0,0,15
20220531,2022,2,22,0,0,0,0,15
20220601,2022,3,22,0,0,0,0,15
20220602,2022,4,22,5,0,0,0,15
20220603,2022,5,22,5,3,1,0,15
20220604,2022,6,22,5,3,2,0,15
20220605,2022,7,22,5,3,3,0,15
20220606,2022,1,23,5,0,4,0,15
20220607,2022,2,23,0,0,0,0,15
20220608,2022,3,23,0,0,0,0,15
20220609,2022,4,23,0,0,0,0,15
20220610,2022,5,23,0,0,0,0,15
20220611,2022,6,23,8,0,0,0,15
20220612,2022,7,23,8,0,0,0,15
20220613,2022,1,24,0,0,0,0,15
20220614,2022,2,24,0,0,0,0,15
20220615,2022,3,24,0,0,0,0,15
20220616,2022,4,24,0,0,0,0,15
20220617,2022,5,24,0,0,0,0,15
20220618,2022,6,24,8,0,0,0,15
20220619,2022,7,24,8,0,0,0,15
20220620,2022,1,25,0,0,0,0,15
20220621,2022,2,25,0,0,0,0,15
20220622,2022,3,25,0,0,0,0,15
20220623,2022,4,25,0,0,0,0,15
20220624,2022,5,25,0,0,0,0,15
20220625,2022,6,25,8,0,0,0,15
20220626,2022,7,25,8,0,0,0,15
20220627,2022,1,26,0,0,0,0,15
20220628,2022,2,26,0,0,0,0,15
20220629,2022,3,26,0,0,0,0,15
20220630,2022,4,26,0,0,0,0,15
20220701,2022,5,26,0,0,0,0,15
20220702,2022,6,26,8,0,0,0,15
20220703,2022,7,26,8,0,0,0,15
20220704,2022,1,27,11,0,0,0,15
20220705,2022,2,27,11,0,0,0,15
20220706,2022,3,27,11,0,0,0,15
20220707,2022,4,27,11,0,0,0,15
20220708,2022,5,27,11,0,0,0,15
20220709,2022,6,27,11,0,0,0,15
20220710,2022,7,27,11,0,0,0,15
20220711,2022,1,28,11,0,0,0,15
20220712,2022,2,28,11,0,0,0,15
20220713,2022,3,28,11,0,0,0,15
20220714,2022,4,28,11,0,0,0,15
20220715,2022,5,28,11,0,0,0,15
20220716,2022,6,28,11,0,0,0,15
20220717,2022,7,28,11,0,0,0,15
20220718,2022,1,29,11,0,0,0,15
20220719,2022,2,29,11,0,0,0,15
20220720,2022,3,29,11,0,0,0,15
20220721,2022,4,29,11,0,0,0,15
20220722,2022,5,29,11,0,0,0,15
20220723,2022,6,29,11,0,0,0,15
20220724,2022,7,29,11,0,0,0,15
20220725,2022,1,30,11,0,0,0,15
20220726,2022,2,30,11,0,0,0,15
20220727,2022,3,30,11,0,0,0,15
20220728,2022,4,30,11,0,0,0,15
20220729,2022,5,30,11,0,0,0,15
20220730,2022,6,30,11,0,0,0,15
20220731,2022,7,30,11,0,0,0,15
20220801,2022,1,31,11,0,0,0,15
20220802,2022,2,31,11,0,0,0,15
20220803,2022,3,31,11,0,0,0,15
20220804,2022,4,31,11,0,0,0,15
20220805,2022,5,31,11,0,0,0,15
20220806,2022,6,31,11,0,0,0,15
20220807,2022,7,31,11,0,0,0,15
20220808,2022,1,32,11,0,0,0,15
20220809,2022,2,32,11,0,0,0,15
20220810,2022,3,32,11,0,0,0,15
20220811,2022,4,32,11,0,0,0,15
20220812,2022,5,32,11,0,0,0,15
20220813,2022,6,32,11,0,0,0,15
20220814,2022,7,32,11,0,0,0,15
20220815,2022,1,33,11,0,0,0,15
20220816,2022,2,33,11,0,0,0,15
20220817,2022,3,33,11,0,0,0,15
20220818,2022,4,33,11,0,0,0,15
20220819,2022,5,33,11,0,0,0,15
20220820,2022,6,33,11,0,0,0,15
20220821,2022,7,33,11,0,0,0,15
20220822,2022,1,34,11,0,0,0,15
20220823,2022,2,34,11,0,0,0,15
20220824,2022,3,34,11,0,0,0,15
20220825,2022,4,34,11,0,0,0,15
20220826,2022,5,34,11,0,0,0,15
20220827,2022,6,34,11,0,0,0,15
20220828,2022,7,34,11,0,0,0,15
20220829,2022,1,35,11,0,0,0,15
20220830,2022,2,35,11,0,0,0,15
20220831,2022,3,35,11,0,0,0,15
20220901,2022,4,35,11,0,0,0,15
20220902,2022,5,35,11,0,0,0,15
20220903,2022,6,35,11,0,0,0,15
20220904,2022,7,35,11,0,0,0,15
20220905,2022,1,36,0,0,0,0,15
20220906,2022,2,36,0,0,0,0,15
20220907,2022,3,36,0,0,0,0,15
20220908,2022,4,36,0,0,0,0,15
20220909,2022,5,36,6,0,0,0,15
20220910,2022,6,36,6,3,1,0,15
20220911,2022,7,36,6,3,2,0,15
20220912,2022,1,37,6,3,3,0,15
20220913,2022,2,37,6,0,4,0,15
20220914,2022,3,37,0,0,0,0,15
20220915,2022,4,37,0,0,0,0,15
20220916,2022,5,37,0,0,0,0,15
20220917,2022,6,37,8,0,0,0,15
20220918,2022,7,37,8,0,0,0,15
20220919,2022,1,38,0,0,0,0,15
20220920,2022,2,38,0,0,0,0,15
20220921,2022,3,38,0,0,0,0,15
20220922,2022,4,38,0,0,0,0,15
20220923,2022,5,38,0,0,0,0,15
20220924,2022,6,38,8,0,0,0,15
20220925,2022,7,38,8,0,0,0,15
20220926,2022,1,39,0,0,0,0,15
20220927,2022,2,39,0,0,0,0,15
20220928,2022,3,39,0,0,0,0,15
20220929,2022,4,39,0,0,0,0,15
20220930,2022,5,39,7,0,0,0,15
20221001,2022,6,39,7,7,1,0,15
20221002,2022,7,39,7,7,2,0,15
20221003,2022,1,40,7,7,3,0,15
20221004,2022,2,40,7,7,4,0,15
20221005,2022,3,40,7,7,5,0,15
20221006,2022,4,40,7,7,6,0,15
20221007,2022,5,40,7,7,7,0,15
20221008,2022,6,40,9,0,0,0,15
20221009,2022,7,40,9,0,0,0,15
20221010,2022,1,41,0,0,0,0,15
20221011,2022,2,41,0,0,0,0,15
20221012,2022,3,41,0,0,0,0,15
20221013,2022,4,41,0,0,0,0,15
20221014,2022,5,41,0,0,0,0,15
20221015,2022,6,41,8,0,0,0,15
20221016,2022,7,41,8,0,0,0,15
20221017,2022,1,42,0,0,0,0,15
20221018,2022,2,42,0,0,0,0,15
20221019,2022,3,42,0,0,0,0,15
20221020,2022,4,42,0,0,0,0,15
20221021,2022,5,42,0,0,0,0,15
20221022,2022,6,42,8,0,0,0,15
20221023,2022,7,42,8,0,0,0,15
20221024,2022,1,43,0,0,0,0,15
20221025,2022,2,43,0,0,0,0,15
20221026,2022,3,43,0,0,0,0,15
20221027,2022,4,43,0,0,0,0,15
20221028,2022,5,43,0,0,0,0,15
20221029,2022,6,43,8,0,0,0,15
20221030,2022,7,43,8,0,0,0,15
20221031,2022,1,44,0,0,0,0,15
20221101,2022,2,44,0,0,0,0,15
20221102,2022,3,44,0,0,0,0,15
20221103,2022,4,44,0,0,0,0,15
20221104,2022,5,44,0,0,0,0,15
20221105,2022,6,44,8,0,0,0,15
20221106,2022,7,44,8,0,0,0,15
20221107,2022,1,45,0,0,0,0,15
20221108,2022,2,45,0,0,0,0,15
20221109,2022,3,45,0,0,0,0,15
20221110,2022,4,45,0,0,0,0,15
20221111,2022,5,45,0,0,0,0,15
20221112,2022,6,45,8,0,0,0,15
20221113,2022,7,45,8,0,0,0,15
20221114,2022,1,46,0,0,0,0,15
20221115,2022,2,46,0,0,0,0,15
20221116,2022,3,46,0,0,0,0,15
20221117,2022,4,46,0,0,0,0,15
20221118,2022,5,46,0,0,0,0,15
20221119,2022,6,46,8,0,0,0,15
20221120,2022,7,46,8,0,0,0,15
20221121,2022,1,47,0,0,0,0,15
20221122,2022,2,47,0,0,0,0,15
20221123,2022,3,47,0,0,0,0,15
20221124,2022,4,47,0,0,0,0,15
20221125,2022,5,47,0,0,0,0,15
20221126,2022,6,47,8,0,0,0,15
20221127,2022,7,47,8,0,0,0,15
20221128,2022,1,48,0,0,0,0,15
20221129,2022,2,48,0,0,0,0,15
20221130,2022,3,48,0,0,0,0,15
20221201,2022,4,48,0,0,0,0,15
20221202,2022,5,48,0,0,0,0,15
20221203,2022,6,48,8,0,0,0,15
20221204,2022,7,48,8,0,0,0,15
20221205,2022,1,49,0,0,0,0,15
20221206,2022,2,49,0,0,0,0,15
20221207,2022,3,49,0,0,0,0,15
20221208,2022,4,49,0,0,0,0,15
20221209,2022,5,49,0,0,0,0,15
20221210,2022,6,49,8,0,0,0,15
20221211,2022,7,49,8,0,0,0,15
20221212,2022,1,50,0,0,0,0,15
20221213,2022,2,50,0,0,0,0,15
20221214,2022,3,50,0,0,0,0,15
20221215,2022,4,50,0,0,0,0,15
20221216,2022,5,50,0,0,0,0,15
20221217,2022,6,50,8,0,0,0,15
20221218,2022,7,50,8,0,0,0,15
20221219,2022,1,51,0,0,0,0,15
20221220,2022,2,51,0,0,0,0,15
20221221,2022,3,51,0,0,0,0,15
20221222,2022,4,51,0,0,0,0,15
20221223,2022,5,51,0,0,0,0,15
20221224,2022,6,51,8,0,0,0,15
20221225,2022,7,51,8,0,0,0,15
20221226,2022,1,52,0,0,0,0,15
20221227,2022,2,52,0,0,0,0,15
20221228,2022,3,52,0,0,0,0,15
20221229,2022,4,52,0,0,0,0,15
20221230,2022,5,52,1,0,0,0,15
20221231,2022,6,52,1,3,1,0,15
20230101,2023,7,52,1,3,2,0,15
20230102,2023,1,1,1,3,3,0,15
20230103,2023,2,1,1,0,4,0,15
20230104,2023,3,1,0,0,0,0,15
20230105,2023,4,1,0,0,0,0,15
20230106,2023,5,1,0,0,0,0,15
20230107,2023,6,1,8,0,0,0,15
20230108,2023,7,1,8,0,0,0,15
20230109,2023,1,2,0,0,0,0,15
20230110,2023,2,2,0,0,0,0,15
20230111,2023,3,2,0,0,0,0,15
20230112,2023,4,2,0,0,0,0,15
20230113,2023,5,2,0,0,0,0,15
20230114,2023,6,2,8,0,0,0,15
20230115,2023,7,2,8,0,0,0,15
20230116,2023,1,3,0,0,0,0,15
20230117,2023,2,3,0,0,0,0,15
20230118,2023,3,3,0,0,0,0,15
20230119,2023,4,3,0,0,0,0,15
20230120,2023,5,3,2,0,0,0,15
20230121,2023,6,3,2,7,1,0,15
20230122,2023,7,3,2,7,2,0,15
20230123,2023,1,4,2,7,3,0,15
20230124,2023,2,4,2,7,4,0,15
20230125,2023,3,4,2,7,5,0,15
20230126,2023,4,4,2,7,6,0,15
20230127,2023,5,4,2,7,7,0,15
20230128,2023,6,4,9,0,0,0,15
20230129,2023,7,4,9,0,0,0,15
20230130,2023,1,5,0,0,0,0,15
20230131,2023,2,5,0,0,0,0,15
20230201,2023,3,5,0,0,0,0,15
20230202,2023,4,5,0,0,0,0,15
20230203,2023,5,5,0,0,0,0,15
20230204,2023,6,5,8,0,0,0,15
20230205,2023,7,5,8,0,0,0,15
20230206,2023,1,6,0,0,0,0,15
20230207,2023,2,6,0,0,0,0,15
20230208,2023,3,6,0,0,0,0,15
20230209,2023,4,6,0,0,0,0,15
20230210,2023,5,6,0,0,0,0,15
20230211,2023,6,6,8,0,0,0,15
20230212,2023,7,6,8,0,0,0,15
20230213,2023,1,7,0,0,0,0,15
20230214,2023,2,7,0,0,0,0,15
20230215,2023,3,7,0,0,0,0,15
20230216,2023,4,7,0,0,0,0,15
20230217,2023,5,7,0,0,0,0,15
20230218,2023,6,7,8,0,0,0,15
20230219,2023,7,7,8,0,0,0,15
20230220,2023,1,8,0,0,0,0,15
20230221,2023,2,8,0,0,0,0,15
20230222,2023,3,8,0,0,0,0,15
20230223,2023,4,8,0,0,0,0,15
20230224,2023,5,8,0,0,0,0,15
20230225,2023,6,8,8,0,0,0,15
20230226,2023,7,8,8,0,0,0,15
20230227,2023,1,9,0,0,0,0,15
20230228,2023,2,9,0,0,0,0,15
20230301,2023,3,9,0,0,0,0,15
20230302,2023,4,9,0,0,0,0,15
20230303,2023,5,9,0,0,0,0,15
20230304,2023,6,9,8,0,0,0,15
20230305,2023,7,9,8,0,0,0,15
20230306,2023,1,10,0,0,0,0,15
20230307,2023,2,10,0,0,0,0,15
20230308,2023,3,10,0,0,0,0,15
20230309,2023,4,10,0,0,0,0,15
20230310,2023,5,10,0,0,0,0,15
20230311,2023,6,10,8,0,0,0,15
20230312,2023,7,10,8,0,0,0,15
20230313,2023,1,11,0,0,0,0,15
20230314,2023,2,11,0,0,0,0,15
20230315,2023,3,11,0,0,0,0,15
20230316,2023,4,11,0,0,0,0,15
20230317,2023,5,11,0,0,0,0,15
20230318,2023,6,11,8,0,0,0,15
20230319,2023,7,11,8,0,0,0,15
20230320,2023,1,12,0,0,0,0,15
20230321,2023,2,12,0,0,0,0,15
20230322,2023,3,12,0,0,0,0,15
20230323,2023,4,12,0,0,0,0,15
20230324,2023,5,12,0,0,0,0,15
20230325,2023,6,12,8,0,0,0,15
20230326,2023,7,12,8,0,0,0,15
20230327,2023,1,13,0,0,0,0,15
20230328,2023,2,13,0,0,0,0,15
20230329,2023,3,13,0,0,0,0,15
20230330,2023,4,13,0,0,0,0,15
20230331,2023,5,13,0,0,0,0,15
20230401,2023,6,13,8,0,0,0,15
20230402,2023,7,13,8,0,0,0,15
20230403,2023,1,14,0,0,0,0,15
20230404,2023,2,14,3,0,0,0,15
20230405,2023,3,14,3,1,1,0,15
20230406,2023,4,14,3,0,2,0,15
20230407,2023,5,14,0,0,0,0,15
20230408,2023,6,14,8,0,0,0,15
20230409,2023,7,14,8,0,0,0,15
20230410,2023,1,15,0,0,0,0,15
20230411,2023,2,15,0,0,0,0,15
20230412,2023,3,15,0,0,0,0,15
20230413,2023,4,15,0,0,0,0,15
20230414,2023,5,15,0,0,0,0,15
20230415,2023,6,15,8,0,0,0,15
20230416,2023,7,15,8,0,0,0,15
20230417,2023,1,16,0,0,0,0,15
20230418,2023,2,16,0,0,0,0,15
20230419,2023,3,16,0,0,0,0,15
20230420,2023,4,16,0,0,0,0,15
20230421,2023,5,16,0,0,0,0,15
20230422,2023,6,16,8,0,0,0,15
20230423,2023,7,16,9,0,0,0,15
20230424,2023,1,17,0,0,0,0,15
20230425,2023,2,17,0,0,0,0,15
20230426,2023,3,17,0,0,0,0,15
20230427,2023,4,17,0,0,0,0,15
20230428,2023,5,17,4,0,0,0,15
20230429,2023,6,17,4,5,1,0,15
20230430,2023,7,17,4,5,2,0,15
20230501,2023,1,18,4,5,3,0,15
20230502,2023,2,18,4,5,4,0,15
20230503,2023,3,18,4,5,5,0,15
20230504,2023,4,18,4,0,6,0,15
20230505,2023,5,18,0,0,0,0,15
20230506,2023,6,18,9,0,0,0,15
20230507,2023,7,18,8,0,0,0,15
20230508,2023,1,19,0,0,0,0,15
20230509,2023,2,19,0,0,0,0,15
20230510,2023,3,19,0,0,0,0,15
20230511,2023,4,19,0,0,0,0,15
20230512,2023,5,19,0,0,0,0,15
20230513,2023,6,19,8,0,0,0,15
20230514,2023,7,19,8,0,0,0,15
20230515,2023,1,20,0,0,0,0,15
20230516,2023,2,20,0,0,0,0,15
20230517,2023,3,20,0,0,0,0,15
20230518,2023,4,20,0,0,0,0,15
20230519,2023,5,20,0,0,0,0,15
20230520,2023,6,20,8,0,0,0,15
20230521,2023,7,20,8,0,0,0,15
20230522,2023,1,21,0,0,0,0,15
20230523,2023,2,21,0,0,0,0,15
20230524,2023,3,21,0,0,0,0,15
20230525,2023,4,21,0,0,0,0,15
20230526,2023,5,21,0,0,0,0,15
20230527,2023,6,21,8,0,0,0,15
20230528,2023,7,21,8,0,0,0,15
20230529,2023,1,22,0,0,0,0,15
20230530,2023,2,22,0,0,0,0,15
20230531,2023,3,22,0,0,0,0,15
20230601,2023,4,22,0,0,0,0,15
20230602,2023,5,22,0,0,0,0,15
20230603,2023,6,22,8,0,0,0,15
20230604,2023,7,22,8,0,0,0,15
20230605,2023,1,23,0,0,0,0,15
20230606,2023,2,23,0,0,0,0,15
20230607,2023,3,23,0,0,0,0,15
20230608,2023,4,23,0,0,0,0,15
20230609,2023,5,23,0,0,0,0,15
20230610,2023,6,23,8,0,0,0,15
20230611,2023,7,23,8,0,0,0,15
20230612,2023,1,24,0,0,0,0,15
20230613,2023,2,24,0,0,0,0,15
20230614,2023,3,24,0,0,0,0,15
20230615,2023,4,24,0,0,0,0,15
20230616,2023,5,24,0,0,0,0,15
20230617,2023,6,24,8,0,0,0,15
20230618,2023,7,24,8,0,0,0,15
20230619,2023,1,25,0,0,0,0,15
20230620,2023,2,25,0,0,0,0,15
20230621,2023,3,25,5,0,0,0,15
20230622,2023,4,25,5,3,1,0,15
20230623,2023,5,25,5,3,2,0,15
20230624,2023,6,25,5,3,3,0,15
20230625,2023,7,25,9,0,0,0,15
20230626,2023,1,26,0,0,0,0,15
20230627,2023,2,26,0,0,0,0,15
20230628,2023,3,26,0,0,0,0,15
20230629,2023,4,26,0,0,0,0,15
20230630,2023,5,26,0,0,0,0,15
20230701,2023,6,26,8,0,0,0,15
20230702,2023,7,26,8,0,0,0,15
20230703,2023,1,27,11,0,0,0,15
20230704,2023,2,27,11,0,0,0,15
20230705,2023,3,27,11,0,0,0,15
20230706,2023,4,27,11,0,0,0,15
20230707,2023,5,27,11,0,0,0,15
20230708,2023,6,27,11,0,0,0,15
20230709,2023,7,27,11,0,0,0,15
20230710,2023,1,28,11,0,0,0,15
20230711,2023,2,28,11,0,0,0,15
20230712,2023,3,28,11,0,0,0,15
20230713,2023,4,28,11,0,0,0,15
20230714,2023,5,28,11,0,0,0,15
20230715,2023,6,28,11,0,0,0,15
20230716,2023,7,28,11,0,0,0,15
20230717,2023,1,29,11,0,0,0,15
20230718,2023,2,29,11,0,0,0,15
20230719,2023,3,29,11,0,0,0,15
20230720,2023,4,29,11,0,0,0,15
20230721,2023,5,29,11,0,0,0,15
20230722,2023,6,29,11,0,0,0,15
20230723,2023,7,29,11,0,0,0,15
20230724,2023,1,30,11,0,0,0,15
20230725,2023,2,30,11,0,0,0,15
20230726,2023,3,30,11,0,0,0,15
20230727,2023,4,30,11,0,0,0,15
20230728,2023,5,30,11,0,0,0,15
20230729,2023,6,30,11,0,0,0,15
20230730,2023,7,30,11,0,0,0,15
20230731,2023,1,31,11,0,0,0,15
20230801,2023,2,31,11,0,0,0,15
20230802,2023,3,31,11,0,0,0,15
20230803,2023,4,31,11,0,0,0,15
20230804,2023,5,31,11,0,0,0,15
20230805,2023,6,31,11,0,0,0,15
20230806,2023,7,31,11,0,0,0,15
20230807,2023,1,32,11,0,0,0,15
20230808,2023,2,32,11,0,0,0,15
20230809,2023,3,32,11,0,0,0,15
20230810,2023,4,32,11,0,0,0,15
20230811,2023,5,32,11,0,0,0,15
20230812,2023,6,32,11,0,0,0,15
20230813,2023,7,32,11,0,0,0,15
20230814,2023,1,33,11,0,0,0,15
20230815,2023,2,33,11,0,0,0,15
20230816,2023,3,33,11,0,0,0,15
20230817,2023,4,33,11,0,0,0,15
20230818,2023,5,33,11,0,0,0,15
20230819,2023,6,33,11,0,0,0,15
20230820,2023,7,33,11,0,0,0,15
20230821,2023,1,34,11,0,0,0,15
20230822,2023,2,34,11,0,0,0,15
20230823,2023,3,34,11,0,0,0,15
20230824,2023,4,34,11,0,0,0,15
20230825,2023,5,34,11,0,0,0,15
20230826,2023,6,34,11,0,0,0,15
20230827,2023,7,34,11,0,0,0,15
20230828,2023,1,35,11,0,0,0,15
20230829,2023,2,35,11,0,0,0,15
20230830,2023,3,35,11,0,0,0,15
20230831,2023,4,35,11,0,0,0,15
20230901,2023,5,35,11,0,0,0,15
20230902,2023,6,35,11,0,0,0,15
20230903,2023,7,35,11,0,0,0,15
20230904,2023,1,36,0,0,0,0,15
20230905,2023,2,36,0,0,0,0,15
20230906,2023,3,36,0,0,0,0,15
20230907,2023,4,36,0,0,0,0,15
20230908,2023,5,36,0,0,0,0,15
20230909,2023,6,36,8,0,0,0,15
20230910,2023,7,36,8,0,0,0,15
20230911,2023,1,37,0,0,0,0,15
20230912,2023,2,37,0,0,0,0,15
20230913,2023,3,37,0,0,0,0,15
20230914,2023,4,37,0,0,0,0,15
20230915,2023,5,37,0,0,0,0,15
20230916,2023,6,37,8,0,0,0,15
20230917,2023,7,37,8,0,0,0,15
20230918,2023,1,38,0,0,0,0,15
20230919,2023,2,38,0,0,0,0,15
20230920,2023,3,38,0,0,0,0,15
20230921,2023,4,38,0,0,0,0,15
20230922,2023,5,38,0,0,0,0,15
20230923,2023,6,38,8,0,0,0,15
20230924,2023,7,38,8,0,0,0,15
20230925,2023,1,39,0,0,0,0,15
20230926,2023,2,39,0,0,0,0,15
20230927,2023,3,39,0,0,0,0,15
20230928,2023,4,39,7,0,0,0,15
20230929,2023,5,39,7,8,1,0,15
20230930,2023,6,39,7,8,2,0,15
20231001,2023,7,39,7,8,3,0,15
20231002,2023,1,40,7,8,4,0,15
20231003,2023,2,40,7,8,5,0,15
20231004,2023,3,40,7,8,6,0,15
20231005,2023,4,40,7,8,7,0,15
20231006,2023,5,40,7,8,8,0,15
20231007,2023,6,40,9,0,0,0,15
20231008,2023,7,40,9,0,0,0,15
20231009,2023,1,41,0,0,0,0,15
20231010,2023,2,41,0,0,0,0,15
20231011,2023,3,41,0,0,0,0,15
20231012,2023,4,41,0,0,0,0,15
20231013,2023,5,41,0,0,0,0,15
20231014,2023,6,41,8,0,0,0,15
20231015,2023,7,41,8,0,0,0,15
20231016,2023,1,42,0,0,0,0,15
20231017,2023,2,42,0,0,0,0,15
20231018,2023,3,42,0,0,0,0,15
20231019,2023,4,42,0,0,0,0,15
20231020,2023,5,42,0,0,0,0,15
20231021,2023,6,42,8,0,0,0,15
20231022,2023,7,42,8,0,0,0,15
20231023,2023,1,43,0,0,0,0,15
20231024,2023,2,43,0,0,0,0,15
20231025,2023,3,43,0,0,0,0,15
20231026,2023,4,43,0,0,0,0,15
20231027,2023,5,43,0,0,0,0,15
20231028,2023,6,43,8,0,0,0,15
20231029,2023,7,43,8,0,0,0,15
20231030,2023,1,44,0,0,0,0,15
20231031,2023,2,44,0,0,0,0,15
20231101,2023,3,44,0,0,0,0,15
20231102,2023,4,44,0,0,0,0,15
20231103,2023,5,44,0,0,0,0,15
20231104,2023,6,44,8,0,0,0,15
20231105,2023,7,44,8,0,0,0,15
20231106,2023,1,45,0,0,0,0,15
20231107,2023,2,45,0,0,0,0,15
20231108,2023,3,45,0,0,0,0,15
20231109,2023,4,45,0,0,0,0,15
20231110,2023,5,45,0,0,0,0,15
20231111,2023,6,45,8,0,0,0,15
20231112,2023,7,45,8,0,0,0,15
20231113,2023,1,46,0,0,0,0,15
20231114,2023,2,46,0,0,0,0,15
20231115,2023,3,46,0,0,0,0,15
20231116,2023,4,46,0,0,0,0,15
20231117,2023,5,46,0,0,0,0,15
20231118,2023,6,46,8,0,0,0,15
20231119,2023,7,46,8,0,0,0,15
20231120,2023,1,47,0,0,0,0,15
20231121,2023,2,47,0,0,0,0,15
20231122,2023,3,47,0,0,0,0,15
20231123,2023,4,47,0,0,0,0,15
20231124,2023,5,47,0,0,0,0,15
20231125,2023,6,47,8,0,0,0,15
20231126,2023,7,47,8,0,0,0,15
20231127,2023,1,48,0,0,0,0,15
20231128,2023,2,48,0,0,0,0,15
20231129,2023,3,48,0,0,0,0,15
20231130,2023,4,48,0,0,0,0,15
20231201,2023,5,48,0,0,0,0,15
20231202,2023,6,48,8,0,0,0,15
20231203,2023,7,48,8,0,0,0,15
20231204,2023,1,49,0,0,0,0,15
20231205,2023,2,49,0,0,0,0,15
20231206,2023,3,49,0,0,0,0,15
20231207,2023,4,49,0,0,0,0,15
20231208,2023,5,49,0,0,0,0,15
20231209,2023,6,49,8,0,0,0,15
20231210,2023,7,49,8,0,0,0,15
20231211,2023,1,50,0,0,0,0,15
20231212,2023,2,50,0,0,0,0,15
20231213,2023,3,50,0,0,0,0,15
20231214,2023,4,50,0,0,0,0,15
20231215,2023,5,50,0,0,0,0,15
20231216,2023,6,50,8,0,0,0,15
20231217,2023,7,50,8,0,0,0,15
20231218,2023,1,51,0,0,0,0,15
20231219,2023,2,51,0,0,0,0,15
20231220,2023,3,51,0,0,0,0,15
20231221,2023,4,51,0,0,0,0,15
20231222,2023,5,51,0,0,0,0,15
20231223,2023,6,51,8,0,0,0,15
20231224,2023,7,51,8,0,0,0,15
20231225,2023,1,52,0,0,0,0,15
20231226,2023,2,52,0,0,0,0,15
20231227,2023,3,52,0,0,0,0,15
20231228,2023,4,52,0,0,0,0,15
20231229,2023,5,52,0,0,0,0,15
20231230,2023,6,52,8,0,0,0,15
20231231,2023,7,52,1,0,0,0,15
20240101,2024,1,1,1,1,1,0,15
20240102,2024,2,1,1,0,2,0,15
20240103,2024,3,1,0,0,0,0,15
20240104,2024,4,1,0,0,0,0,15
20240105,2024,5,1,0,0,0,0,15
20240106,2024,6,1,8,0,0,0,15
20240107,2024,7,1,8,0,0,0,15
20240108,2024,1,2,0,0,0,0,15
20240109,2024,2,2,0,0,0,0,15
20240110,2024,3,2,0,0,0,0,15
20240111,2024,4,2,0,0,0,0,15
20240112,2024,5,2,0,0,0,0,15
20240113,2024,6,2,8,0,0,0,15
20240114,2024,7,2,8,0,0,0,15
20240115,2024,1,3,0,0,0,0,15
20240116,2024,2,3,0,0,0,0,15
20240117,2024,3,3,0,0,0,0,15
20240118,2024,4,3,0,0,0,0,15
20240119,2024,5,3,0,0,0,0,15
20240120,2024,6,3,8,0,0,0,15
20240121,2024,7,3,8,0,0,0,15
20240122,2024,1,4,0,0,0,0,15
20240123,2024,2,4,0,0,0,0,15
20240124,2024,3,4,0,0,0,0,15
20240125,2024,4,4,0,0,0,0,15
20240126,2024,5,4,0,0,0,0,15
20240127,2024,6,4,8,0,0,0,15
20240128,2024,7,4,8,0,0,0,15
20240129,2024,1,5,0,0,0,0,15
20240130,2024,2,5,0,0,0,0,15
20240131,2024,3,5,0,0,0,0,15
20240201,2024,4,5,0,0,0,0,15
20240202,2024,5,5,0,0,0,0,15
20240203,2024,6,5,8,0,0,0,15
20240204,2024,7,5,9,0,0,0,15
20240205,2024,1,6,0,0,0,0,15
20240206,2024,2,6,0,0,0,0,15
20240207,2024,3,6,0,0,0,0,15
20240208,2024,4,6,0,0,0,0,15
20240209,2024,5,6,2,0,0,0,15
20240210,2024,6,6,2,8,1,0,15
20240211,2024,7,6,2,8,2,0,15
20240212,2024,1,7,2,8,3,0,15
20240213,2024,2,7,2,8,4,0,15
20240214,2024,3,7,2,8,5,0,15
20240215,2024,4,7,2,8,6,0,15
20240216,2024,5,7,2,8,7,0,15
20240217,2024,6,7,2,8,8,0,15
20240218,2024,7,7,9,0,0,0,15
20240219,2024,1,8,0,0,0,0,15
20240220,2024,2,8,0,0,0,0,15
20240221,2024,3,8,0,0,0,0,15
20240222,2024,4,8,0,0,0,0,15
20240223,2024,5,8,0,0,0,0,15
20240224,2024,6,8,8,0,0,0,15
20240225,2024,7,8,8,0,0,0,15
20240226,2024,1,9,0,0,0,0,15
20240227,2024,2,9,0,0,0,0,15
20240228,2024,3,9,0,0,0,0,15
20240229,2024,4,9,0,0,0,0,15
20240301,2024,5,9,0,0,0,0,15
20240302,2024,6,9,8,0,0,0,15
20240303,2024,7,9,8,0,0,0,15
20240304,2024,1,10,0,0,0,0,15
20240305,2024,2,10,0,0,0,0,15
20240306,2024,3,10,0,0,0,0,15
20240307,2024,4,10,0,0,0,0,15
20240308,2024,5,10,0,0,0,0,15
20240309,2024,6,10,8,0,0,0,15
20240310,2024,7,10,8,0,0,0,15
20240311,2024,1,11,0,0,0,0,15
20240312,2024,2,11,0,0,0,0,15
20240313,2024,3,11,0,0,0,0,15
20240314,2024,4,11,0,0,0,0,15
20240315,2024,5,11,0,0,0,0,15
20240316,2024,6,11,8,0,0,0,15
20240317,2024,7,11,8,0,0,0,15
20240318,2024,1,12,0,0,0,0,15
20240319,2024,2,12,0,0,0,0,15
20240320,2024,3,12,0,0,0,0,15
20240321,2024,4,12,0,0,0,0,15
20240322,2024,5,12,0,0,0,0,15
20240323,2024,6,12,8,0,0,0,15
20240324,2024,7,12,8,0,0,0,15
20240325,2024,1,13,0,0,0,0,15
20240326,2024,2,13,0,0,0,0,15
20240327,2024,3,13,0,0,0,0,15
20240328,2024,4,13,0,0,0,0,15
20240329,2024,5,13,0,0,0,0,15
20240330,2024,6,13,8,0,0,0,15
20240331,2024,7,13,8,0,0,0,15
20240401,2024,1,14,0,0,0,0,15
20240402,2024,2,14,0,0,0,0,15
20240403,2024,3,14,3,0,0,0,15
20240404,2024,4,14,3,3,1,0,15
20240405,2024,5,14,3,3,2,0,15
20240406,2024,6,14,3,3,3,0,15
20240407,2024,7,14,9,0,0,0,15
20240408,2024,1,15,0,0,0,0,15
20240409,2024,2,15,0,0,0,0,15
20240410,2024,3,15,0,0,0,0,15
20240411,2024,4,15,0,0,0,0,15
20240412,2024,5,15,0,0,0,0,15
20240413,2024,6,15,8,0,0,0,15
20240414,2024,7,15,8,0,0,0,15
20240415,2024,1,16,0,0,0,0,15
20240416,2024,2,16,0,0,0,0,15
20240417,2024,3,16,0,0,0,0,15
20240418,2024,4,16,0,0,0,0,15
20240419,2024,5,16,0,0,0,0,15
20240420,2024,6,16,8,0,0,0,15
20240421,2024,7,16,8,0,0,0,15
20240422,2024,1,17,0,0,0,0,15
20240423,2024,2,17,0,0,0,0,15
20240424,2024,3,17,0,0,0,0,15
20240425,2024,4,17,0,0,0,0,15
20240426,2024,5,17,0,0,0,0,15
20240427,2024,6,17,8,0,0,0,15
20240428,2024,7,17,9,0,0,0,15
20240429,2024,1,18,0,0,0,0,15
20240430,2024,2,18,4,0,0,0,15
20240501,2024,3,18,4,5,1,0,15
20240502,2024,4,18,4,5,2,0,15
20240503,2024,5,18,4,5,3,0,15
20240504,2024,6,18,4,5,4,0,15
20240505,2024,7,18,4,5,5,0,15
20240506,2024,1,19,4,0,6,0,15
20240507,2024,2,19,0,0,0,0,15
20240508,2024,3,19,0,0,0,0,15
20240509,2024,4,19,0,0,0,0,15
20240510,2024,5,19,0,0,0,0,15
20240511,2024,6,19,9,0,0,0,15
20240512,2024,7,19,8,0,0,0,15
20240513,2024,1,20,0,0,0,0,15
20240514,2024,2,20,0,0,0,0,15
20240515,2024,3,20,0,0,0,0,15
20240516,2024,4,20,0,0,0,0,15
20240517,2024,5,20,0,0,0,0,15
20240518,2024,6,20,8,0,0,0,15
20240519,2024,7,20,8,0,0,0,15
20240520,2024,1,21,0,0,0,0,15
20240521,2024,2,21,0,0,0,0,15
20240522,2024,3,21,0,0,0,0,15
20240523,2024,4,21,0,0,0,0,15
20240524,2024,5,21,0,0,0,0,15
20240525,2024,6,21,8,0,0,0,15
20240526,2024,7,21,8,0,0,0,15
20240527,2024,1,22,0,0,0,0,15
20240528,2024,2,22,0,0,0,0,15
20240529,2024,3,22,0,0,0,0,15
20240530,2024,4,22,0,0,0,0,15
20240531,2024,5,22,0,0,0,0,15
20240601,2024,6,22,8,0,0,0,15
20240602,2024,7,22,8,0,0,0,15
20240603,2024,1,23,0,0,0,0,15
20240604,2024,2,23,0,0,0,0,15
20240605,2024,3,23,0,0,0,0,15
20240606,2024,4,23,0,0,0,0,15
20240607,2024,5,23,5,0,0,0,15
20240608,2024,6,23,5,3,1,0,15
20240609,2024,7,23,5,3,2,0,15
20240610,2024,1,24,5,3,3,0,15
20240611,2024,2,24,5,0,4,0,15
20240612,2024,3,24,0,0,0,0,15
20240613,2024,4,24,0,0,0,0,15
20240614,2024,5,24,0,0,0,0,15
20240615,2024,6,24,8,0,0,0,15
20240616,2024,7,24,8,0,0,0,15
20240617,2024,1,25,0,0,0,0,15
20240618,2024,2,25,0,0,0,0,15
20240619,2024,3,25,0,0,0,0,15
20240620,2024,4,25,0,0,0,0,15
20240621,2024,5,25,0,0,0,0,15
20240622,2024,6,25,8,0,0,0,15
20240623,2024,7,25,8,0,0,0,15
20240624,2024,1,26,0,0,0,0,15
20240625,2024,2,26,0,0,0,0,15
20240626,2024,3,26,0,0,0,0,15
20240627,2024,4,26,0,0,0,0,15
20240628,2024,5,26,0,0,0,0,15
20240629,2024,6,26,8,0,0,0,15
20240630,2024,7,26,8,0,0,0,15
20240701,2024,1,27,11,0,0,0,15
20240702,2024,2,27,11,0,0,0,15
20240703,2024,3,27,11,0,0,0,15
20240704,2024,4,27,11,0,0,0,15
20240705,2024,5,27,11,0,0,0,15
20240706,2024,6,27,11,0,0,0,15
20240707,2024,7,27,11,0,0,0,15
20240708,2024,1,28,11,0,0,0,15
20240709,2024,2,28,11,0,0,0,15
20240710,2024,3,28,11,0,0,0,15
20240711,2024,4,28,11,0,0,0,15
20240712,2024,5,28,11,0,0,0,15
20240713,2024,6,28,11,0,0,0,15
20240714,2024,7,28,11,0,0,0,15
20240715,2024,1,29,11,0,0,0,15
20240716,2024,2,29,11,0,0,0,15
20240717,2024,3,29,11,0,0,0,15
20240718,2024,4,29,11,0,0,0,15
20240719,2024,5,29,11,0,0,0,15
20240720,2024,6,29,11,0,0,0,15
20240721,2024,7,29,11,0,0,0,15
20240722,2024,1,30,11,0,0,0,15
20240723,2024,2,30,11,0,0,0,15
20240724,2024,3,30,11,0,0,0,15
20240725,2024,4,30,11,0,0,0,15
20240726,2024,5,30,11,0,0,0,15
20240727,2024,6,30,11,0,0,0,15
20240728,2024,7,30,11,0,0,0,15
20240729,2024,1,31,11,0,0,0,15
20240730,2024,2,31,11,0,0,0,15
20240731,2024,3,31,11,0,0,0,15
20240801,2024,4,31,11,0,0,0,15
20240802,2024,5,31,11,0,0,0,15
20240803,2024,6,31,11,0,0,0,15
20240804,2024,7,31,11,0,0,0,15
20240805,2024,1,32,11,0,0,0,15
20240806,2024,2,32,11,0,0,0,15
20240807,2024,3,32,11,0,0,0,15
20240808,2024,4,32,11,0,0,0,15
20240809,2024,5,32,11,0,0,0,15
20240810,2024,6,32,11,0,0,0,15
20240811,2024,7,32,11,0,0,0,15
20240812,2024,1,33,11,0,0,0,15
20240813,2024,2,33,11,0,0,0,15
20240814,2024,3,33,11,0,0,0,15
20240815,2024,4,33,11,0,0,0,15
20240816,2024,5,33,11,0,0,0,15
20240817,2024,6,33,11,0,0,0,15
20240818,2024,7,33,11,0,0,0,15
20240819,2024,1,34,11,0,0,0,15
20240820,2024,2,34,11,0,0,0,15
20240821,2024,3,34,11,0,0,0,15
20240822,2024,4,34,11,0,0,0,15
20240823,2024,5,34,11,0,0,0,15
20240824,2024,6,34,11,0,0,0,15
20240825,2024,7,34,11,0,0,0,15
20240826,2024,1,35,11,0,0,0,15
20240827,2024,2,35,11,0,0,0,15
20240828,2024,3,35,11,0,0,0,15
20240829,2024,4,35,11,0,0,0,15
20240830,2024,5,35,11,0,0,0,15
20240831,2024,6,35,11,0,0,0,15
20240901,2024,7,35,11,0,0,0,15
20240902,2024,1,36,0,0,0,0,15
20240903,2024,2,36,0,0,0,0,15
20240904,2024,3,36,0,0,0,0,15
20240905,2024,4,36,0,0,0,0,15
20240906,2024,5,36,0,0,0,0,15
20240907,2024,6,36,8,0,0,0,15
20240908,2024,7,36,8,0,0,0,15
20240909,2024,1,37,0,0,0,0,15
20240910,2024,2,37,0,0,0,0,15
20240911,2024,3,37,0,0,0,0,15
20240912,2024,4,37,0,0,0,0,15
20240913,2024,5,37,0,0,0,0,15
20240914,2024,6,37,9,0,0,0,15
20240915,2024,7,37,6,3,1,0,15
20240916,2024,1,38,6,3,2,0,15
20240917,2024,2,38,6,3,3,0,15
20240918,2024,3,38,6,0,4,0,15
20240919,2024,4,38,0,0,0,0,15
20240920,2024,5,38,0,0,0,0,15
20240921,2024,6,38,8,0,0,0,15
20240922,2024,7,38,8,0,0,0,15
20240923,2024,1,39,0,0,0,0,15
20240924,2024,2,39,0,0,0,0,15
20240925,2024,3,39,0,0,0,0,15
20240926,2024,4,39,0,0,0,0,15
20240927,2024,5,39,0,0,0,0,15
20240928,2024,6,39,8,0,0,0,15
20240929,2024,7,39,9,0,0,0,15
20240930,2024,1,40,7,0,0,0,15
20241001,2024,2,40,7,7,1,0,15
20241002,2024,3,40,7,7,2,0,15
20241003,2024,4,40,7,7,3,0,15
20241004,2024,5,40,7,7,4,0,15
20241005,2024,6,40,7,7,5,0,15
20241006,2024,7,40,7,7,6,0,15
20241007,2024,1,41,7,7,7,0,15
20241008,2024,2,41,7,0,8,0,15
20241009,2024,3,41,7,0,9,0,15
20241010,2024,4,41,0,0,0,0,15
20241011,2024,5,41,0,0,0,0,15
20241012,2024,6,41,9,0,0,0,15
20241013,2024,7,41,8,0,0,0,15
20241014,2024,1,42,0,0,0,0,15
20241015,2024,2,42,0,0,0,0,15
20241016,2024,3,42,0,0,0,0,15
20241017,2024,4,42,0,0,0,0,15
20241018,2024,5,42,0,0,0,0,15
20241019,2024,6,42,8,0,0,0,15
20241020,2024,7,42,8,0,0,0,15
20241021,2024,1,43,0,0,0,0,15
20241022,2024,2,43,0,0,0,0,15
20241023,2024,3,43,0,0,0,0,15
20241024,2024,4,43,0,0,0,0,15
20241025,2024,5,43,0,0,0,0,15
20241026,2024,6,43,8,0,0,0,15
20241027,2024,7,43,8,0,0,0,15
20241028,2024,1,44,0,0,0,0,15
20241029,2024,2,44,0,0,0,0,15
20241030,2024,3,44,0,0,0,0,15
20241031,2024,4,44,0,0,0,0,15
20241101,2024,5,44,0,0,0,0,15
20241102,2024,6,44,8,0,0,0,15
20241103,2024,7,44,8,0,0,0,15
20241104,2024,1,45,0,0,0,0,15
20241105,2024,2,45,0,0,0,0,15
20241106,2024,3,45,0,0,0,0,15
20241107,2024,4,45,0,0,0,0,15
20241108,2024,5,45,0,0,0,0,15
20241109,2024,6,45,8,0,0,0,15
20241110,2024,7,45,8,0,0,0,15
20241111,2024,1,46,0,0,0,0,15
20241112,2024,2,46,0,0,0,0,15
20241113,2024,3,46,0,0,0,0,15
20241114,2024,4,46,0,0,0,0,15
20241115,2024,5,46,0,0,0,0,15
20241116,2024,6,46,8,0,0,0,15
20241117,2024,7,46,8,0,0,0,15
20241118,2024,1,47,0,0,0,0,15
20241119,2024,2,47,0,0,0,0,15
20241120,2024,3,47,0,0,0,0,15
20241121,2024,4,47,0,0,0,0,15
20241122,2024,5,47,0,0,0,0,15
20241123,2024,6,47,8,0,0,0,15
20241124,2024,7,47,8,0,0,0,15
20241125,2024,1,48,0,0,0,0,15
20241126,2024,2,48,0,0,0,0,15
20241127,2024,3,48,0,0,0,0,15
20241128,2024,4,48,0,0,0,0,15
20241129,2024,5,48,0,0,0,0,15
20241130,2024,6,48,8,0,0,0,15
20241201,2024,7,48,8,0,0,0,15
20241202,2024,1,49,0,0,0,0,15
20241203,2024,2,49,0,0,0,0,15
20241204,2024,3,49,0,0,0,0,15
20241205,2024,4,49,0,0,0,0,15
20241206,2024,5,49,0,0,0,0,15
20241207,2024,6,49,8,0,0,0,15
20241208,2024,7,49,8,0,0,0,15
20241209,2024,1,50,0,0,0,0,15
20241210,2024,2,50,0,0,0,0,15
20241211,2024,3,50,0,0,0,0,15
20241212,2024,4,50,0,0,0,0,15
20241213,2024,5,50,0,0,0,0,15
20241214,2024,6,50,8,0,0,0,15
20241215,2024,7,50,8,0,0,0,15
20241216,2024,1,51,0,0,0,0,15
20241217,2024,2,51,0,0,0,0,15
20241218,2024,3,51,0,0,0,0,15
20241219,2024,4,51,0,0,0,0,15
20241220,2024,5,51,0,0,0,0,15
20241221,2024,6,51,8,0,0,0,15
20241222,2024,7,51,8,0,0,0,15
20241223,2024,1,52,0,0,0,0,15
20241224,2024,2,52,0,0,0,0,15
20241225,2024,3,52,0,0,0,0,15
20241226,2024,4,52,0,0,0,0,15
20241227,2024,5,52,0,0,0,0,15
20241228,2024,6,52,8,0,0,0,15
20241229,2024,7,52,8,0,0,0,15
20241230,2024,1,1,0,0,0,0,15
20241231,2024,2,1,1,0,0,0,15
20250101,2025,3,1,1,1,1,0,15
20250102,2025,4,1,1,0,2,0,15
20250103,2025,5,1,0,0,0,0,15
20250104,2025,6,1,8,0,0,0,15
20250105,2025,7,1,8,0,0,0,15
20250106,2025,1,2,0,0,0,0,15
20250107,2025,2,2,0,0,0,0,15
20250108,2025,3,2,0,0,0,0,15
20250109,2025,4,2,0,0,0,0,15
20250110,2025,5,2,0,0,0,0,15
20250111,2025,6,2,8,0,0,0,15
20250112,2025,7,2,8,0,0,0,15
20250113,2025,1,3,0,0,0,0,15
20250114,2025,2,3,0,0,0,0,15
20250115,2025,3,3,0,0,0,0,15
20250116,2025,4,3,0,0,0,0,15
20250117,2025,5,3,0,0,0,0,15
20250118,2025,6,3,8,0,0,0,15
20250119,2025,7,3,8,0,0,0,15
20250120,2025,1,4,0,0,0,0,15
20250121,2025,2,4,0,0,0,0,15
20250122,2025,3,4,0,0,0,0,15
20250123,2025,4,4,0,0,0,0,15
20250124,2025,5,4,0,0,0,0,15
20250125,2025,6,4,8,0,0,0,15
20250126,2025,7,4,9,0,0,0,15
20250127,2025,1,5,2,0,0,0,15
20250128,2025,2,5,2,7,1,0,15
20250129,2025,3,5,2,7,2,0,15
20250130,2025,4,5,2,7,3,0,15
20250131,2025,5,5,2,7,4,0,15
20250201,2025,6,5,2,7,5,0,15
20250202,2025,7,5,2,7,6,0,15
20250203,2025,1,6,2,7,7,0,15
20250204,2025,2,6,2,0,8,0,15
20250205,2025,3,6,0,0,0,0,15
20250206,2025,4,6,0,0,0,0,15
20250207,2025,5,6,0,0,0,0,15
20250208,2025,6,6,9,0,0,0,15
20250209,2025,7,6,8,0,0,0,15
20250210,2025,1,7,0,0,0,0,15
20250211,2025,2,7,0,0,0,0,15
20250212,2025,3,7,0,0,0,0,15
20250213,2025,4,7,0,0,0,0,15
20250214,2025,5,7,0,0,0,0,15
20250215,2025,6,7,8,0,0,0,15
20250216,2025,7,7,8,0,0,0,15
20250217,2025,1,8,0,0,0,0,15
20250218,2025,2,8,0,0,0,0,15
20250219,2025,3,8,0,0,0,0,15
20250220,2025,4,8,0,0,0,0,15
20250221,2025,5,8,0,0,0,0,15
20250222,2025,6,8,8,0,0,0,15
20250223,2025,7,8,8,0,0,0,15
20250224,2025,1,9,0,0,0,0,15
20250225,2025,2,9,0,0,0,0,15
20250226,2025,3,9,0,0,0,0,15
20250227,2025,4,9,0,0,0,0,15
20250228,2025,5,9,0,0,0,0,15
20250301,2025,6,9,8,0,0,0,15
20250302,2025,7,9,8,0,0,0,15
20250303,2025,1,10,0,0,0,0,15
20250304,2025,2,10,0,0,0,0,15
20250305,2025,3,10,0,0,0,0,15
20250306,2025,4,10,0,0,0,0,15
20250307,2025,5,10,0,0,0,0,15
20250308,2025,6,10,8,0,0,0,15
20250309,2025,7,10,8,0,0,0,15
20250310,2025,1,11,0,0,0,0,15
20250311,2025,2,11,0,0,0,0,15
20250312,2025,3,11,0,0,0,0,15
20250313,2025,4,11,0,0,0,0,15
20250314,2025,5,11,0,0,0,0,15
20250315,2025,6,11,8,0,0,0,15
20250316,2025,7,11,8,0,0,0,15
20250317,2025,1,12,0,0,0,0,15
20250318,2025,2,12,0,0,0,0,15
20250319,2025,3,12,0,0,0,0,15
20250320,2025,4,12,0,0,0,0,15
20250321,2025,5,12,0,0,0,0,15
20250322,2025,6,12,8,0,0,0,15
20250323,2025,7,12,8,0,0,0,15
20250324,2025,1,13,0,0,0,0,15
20250325,2025,2,13,0,0,0,0,15
20250326,2025,3,13,0,0,0,0,15
20250327,2025,4,13,0,0,0,0,15
20250328,2025,5,13,0,0,0,0,15
20250329,2025,6,13,8,0,0,0,15
20250330,2025,7,13,8,0,0,0,15
20250331,2025,1,14,0,0,0,0,15
20250401,2025,2,14,0,0,0,0,15
20250402,2025,3,14,0,0,0,0,15
20250403,2025,4,14,3,0,0,0,15
20250404,2025,5,14,3,3,1,0,15
20250405,2025,6,14,3,3,2,0,15
20250406,2025,7,14,3,3,3,0,15
20250407,2025,1,15,3,0,4,0,15
20250408,2025,2,15,0,0,0,0,15
20250409,2025,3,15,0,0,0,0,15
20250410,2025,4,15,0,0,0,0,15
20250411,2025,5,15,0,0,0,0,15
20250412,2025,6,15,8,0,0,0,15
20250413,2025,7,15,8,0,0,0,15
20250414,2025,1,16,0,0,0,0,15
20250415,2025,2,16,0,0,0,0,15
20250416,2025,3,16,0,0,0,0,15
20250417,2025,4,16,0,0,0,0,15
20250418,2025,5,16,0,0,0,0,15
20250419,2025,6,16,8,0,0,0,15
20250420,2025,7,16,8,0,0,0,15
20250421,2025,1,17,0,0,0,0,15
20250422,2025,2,17,0,0,0,0,15
20250423,2025,3,17,0,0,0,0,15
20250424,2025,4,17,0,0,0,0,15
20250425,2025,5,17,0,0,0,0,15
20250426,2025,6,17,8,0,0,0,15
20250427,2025,7,17,9,0,0,0,15
20250428,2025,1,18,0,0,0,0,15
20250429,2025,2,18,0,0,0,0,15
20250430,2025,3,18,4,0,0,0,15
20250501,2025,4,18,4,5,1,0,15
20250502,2025,5,18,4,5,2,0,15
20250503,2025,6,18,4,5,3,0,15
20250504,2025,7,18,4,5,4,0,15
20250505,2025,1,19,4,5,5,0,15
20250506,2025,2,19,4,0,6,0,15
20250507,2025,3,19,0,0,0,0,15
20250508,2025,4,19,0,0,0,0,15
20250509,2025,5,19,0,0,0,0,15
20250510,2025,6,19,8,0,0,0,15
20250511,2025,7,19,8,0,0,0,15
20250512,2025,1,20,0,0,0,0,15
20250513,2025,2,20,0,0,0,0,15
20250514,2025,3,20,0,0,0,0,15
20250515,2025,4,20,0,0,0,0,15
20250516,2025,5,20,0,0,0,0,15
20250517,2025,6,20,8,0,0,0,15
20250518,2025,7,20,8,0,0,0,15
20250519,2025,1,21,0,0,0,0,15
20250520,2025,2,21,0,0,0,0,15
20250521,2025,3,21,0,0,0,0,15
20250522,2025,4,21,0,0,0,0,15
20250523,2025,5,21,0,0,0,0,15
20250524,2025,6,21,8,0,0,0,15
20250525,2025,7,21,8,0,0,0,15
20250526,2025,1,22,0,0,0,0,15
20250527,2025,2,22,0,0,0,0,15
20250528,2025,3,22,0,0,0,0,15
20250529,2025,4,22,0,0,0,0,15
20250530,2025,5,22,5,0,0,0,15
20250531,2025,6,22,5,3,1,0,15
20250601,2025,7,22,5,3,2,0,15
20250602,2025,1,23,5,3,3,0,15
20250603,2025,2,23,5,0,4,0,15
20250604,2025,3,23,0,0,0,0,15
20250605,2025,4,23,0,0,0,0,15
20250606,2025,5,23,0,0,0,0,15
20250607,2025,6,23,8,0,0,0,15
20250608,2025,7,23,8,0,0,0,15
20250609,2025,1,24,0,0,0,0,15
20250610,2025,2,24,0,0,0,0,15
20250611,2025,3,24,0,0,0,0,15
20250612,2025,4,24,0,0,0,0,15
20250613,2025,5,24,0,0,0,0,15
20250614,2025,6,24,8,0,0,0,15
20250615,2025,7,24,8,0,0,0,15
20250616,2025,1,25,0,0,0,0,15
20250617,2025,2,25,0,0,0,0,15
20250618,2025,3,25,0,0,0,0,15
20250619,2025,4,25,0,0,0,0,15
20250620,2025,5,25,0,0,0,0,15
20250621,2025,6,25,8,0,0,0,15
20250622,2025,7,25,8,0,0,0,15
20250623,2025,1,26,0,0,0,0,15
20250624,2025,2,26,0,0,0,0,15
20250625,2025,3,26,0,0,0,0,15
20250626,2025,4,26,0,0,0,0,15
20250627,2025,5,26,0,0,0,0,15
20250628,2025,6,26,8,0,0,0,15
20250629,2025,7,26,8,0,0,0,15
20250630,2025,1,27,0,0,0,0,15
20250701,2025,2,27,11,0,0,0,15
20250702,2025,3,27,11,0,0,0,15
20250703,2025,4,27,11,0,0,0,15
20250704,2025,5,27,11,0,0,0,15
20250705,2025,6,27,11,0,0,0,15
20250706,2025,7,27,11,0,0,0,15
20250707,2025,1,28,11,0,0,0,15
20250708,2025,2,28,11,0,0,0,15
20250709,2025,3,28,11,0,0,0,15
20250710,2025,4,28,11,0,0,0,15
20250711,2025,5,28,11,0,0,0,15
20250712,2025,6,28,11,0,0,0,15
20250713,2025,7,28,11,0,0,0,15
20250714,2025,1,29,11,0,0,0,15
20250715,2025,2,29,11,0,0,0,15
20250716,2025,3,29,11,0,0,0,15
20250717,2025,4,29,11,0,0,0,15
20250718,2025,5,29,11,0,0,0,15
20250719,2025,6,29,11,0,0,0,15
20250720,2025,7,29,11,0,0,0,15
20250721,2025,1,30,11,0,0,0,15
20250722,2025,2,30,11,0,0,0,15
20250723,2025,3,30,11,0,0,0,15
20250724,2025,4,30,11,0,0,0,15
20250725,2025,5,30,11,0,0,0,15
20250726,2025,6,30,11,0,0,0,15
20250727,2025,7,30,11,0,0,0,15
20250728,2025,1,31,11,0,0,0,15
20250729,2025,2,31,11,0,0,0,15
20250730,2025,3,31,11,0,0,0,15
20250731,2025,4,31,11,0,0,0,15
20250801,2025,5,31,11,0,0,0,15
20250802,2025,6,31,11,0,0,0,15
20250803,2025,7,31,11,0,0,0,15
20250804,2025,1,32,11,0,0,0,15
20250805,2025,2,32,11,0,0,0,15
20250806,2025,3,32,11,0,0,0,15
20250807,2025,4,32,11,0,0,0,15
20250808,2025,5,32,11,0,0,0,15
20250809,2025,6,32,11,0,0,0,15
20250810,2025,7,32,11,0,0,0,15
20250811,2025,1,33,11,0,0,0,15
20250812,2025,2,33,11,0,0,0,15
20250813,2025,3,33,11,0,0,0,15
20250814,2025,4,33,11,0,0,0,15
20250815,2025,5,33,11,0,0,0,15
20250816,2025,6,33,11,0,0,0,15
20250817,2025,7,33,11,0,0,0,15
20250818,2025,1,34,11,0,0,0,15
20250819,2025,2,34,11,0,0,0,15
20250820,2025,3,34,11,0,0,0,15
20250821,2025,4,34,11,0,0,0,15
20250822,2025,5,34,11,0,0,0,15
20250823,2025,6,34,11,0,0,0,15
20250824,2025,7,34,11,0,0,0,15
20250825,2025,1,35,11,0,0,0,15
20250826,2025,2,35,11,0,0,0,15
20250827,2025,3,35,11,0,0,0,15
20250828,2025,4,35,11,0,0,0,15
20250829,2025,5,35,11,0,0,0,15
20250830,2025,6,35,11,0,0,0,15
20250831,2025,7,35,11,0,0,0,15
20250901,2025,1,36,0,0,0,0,15
20250902,2025,2,36,0,0,0,0,15
20250903,2025,3,36,0,0,0,0,15
20250904,2025,4,36,0,0,0,0,15
20250905,2025,5,36,0,0,0,0,15
20250906,2025,6,36,8,0,0,0,15
20250907,2025,7,36,8,0,0,0,15
20250908,2025,1,37,0,0,0,0,15
20250909,2025,2,37,0,0,0,0,15
20250910,2025,3,37,0,0,0,0,15
20250911,2025,4,37,0,0,0,0,15
20250912,2025,5,37,0,0,0,0,15
20250913,2025,6,37,8,0,0,0,15
20250914,2025,7,37,8,0,0,0,15
20250915,2025,1,38,0,0,0,0,15
20250916,2025,2,38,0,0,0,0,15
20250917,2025,3,38,0,0,0,0,15
20250918,2025,4,38,0,0,0,0,15
20250919,2025,5,38,0,0,0,0,15
20250920,2025,6,38,8,0,0,0,15
20250921,2025,7,38,8,0,0,0,15
20250922,2025,1,39,0,0,0,0,15
20250923,2025,2,39,0,0,0,0,15
20250924,2025,3,39,0,0,0,0,15
20250925,2025,4,39,0,0,0,0,15
20250926,2025,5,39,0,0,0,0,15
20250927,2025,6,39,8,0,0,0,15
20250928,2025,7,39,9,0,0,0,15
20250929,2025,1,40,0,0,0,0,15
20250930,2025,2,40,7,0,0,0,15
20251001,2025,3,40,7,8,1,0,15
20251002,2025,4,40,7,8,2,0,15
20251003,2025,5,40,7,8,3,0,15
20251004,2025,6,40,7,8,4,0,15
20251005,2025,7,40,7,8,5,0,15
20251006,2025,1,41,7,8,6,0,15
20251007,2025,2,41,7,8,7,0,15
20251008,2025,3,41,7,8,8,0,15
20251009,2025,4,41,7,0,9,0,15
20251010,2025,5,41,7,0,10,0,15
20251011,2025,6,41,9,0,0,0,15
20251012,2025,7,41,8,0,0,0,15
20251013,2025,1,42,0,0,0,0,15
20251014,2025,2,42,0,0,0,0,15
20251015,2025,3,42,0,0,0,0,15
20251016,2025,4,42,0,0,0,0,15
20251017,2025,5,42,0,0,0,0,15
20251018,2025,6,42,8,0,0,0,15
20251019,2025,7,42,8,0,0,0,15
20251020,2025,1,43,0,0,0,0,15
20251021,2025,2,43,0,0,0,0,15
20251022,2025,3,43,0,0,0,0,15
20251023,2025,4,43,0,0,0,0,15
20251024,2025,5,43,0,0,0,0,15
20251025,2025,6,43,8,0,0,0,15
20251026,2025,7,43,8,0,0,0,15
20251027,2025,1,44,0,0,0,0,15
20251028,2025,2,44,0,0,0,0,15
20251029,2025,3,44,0,0,0,0,15
20251030,2025,4,44,0,0,0,0,15
20251031,2025,5,44,0,0,0,0,15
20251101,2025,6,44,8,0,0,0,15
20251102,2025,7,44,8,0,0,0,15
20251103,2025,1,45,0,0,0,0,15
20251104,2025,2,45,0,0,0,0,15
20251105,2025,3,45,0,0,0,0,15
20251106,2025,4,45,0,0,0,0,15
20251107,2025,5,45,0,0,0,0,15
20251108,2025,6,45,8,0,0,0,15
20251109,2025,7,45,8,0,0,0,15
20251110,2025,1,46,0,0,0,0,15
20251111,2025,2,46,0,0,0,0,15
20251112,2025,3,46,0,0,0,0,15
20251113,2025,4,46,0,0,0,0,15
20251114,2025,5,46,0,0,0,0,15
20251115,2025,6,46,8,0,0,0,15
20251116,2025,7,46,8,0,0,0,15
20251117,2025,1,47,0,0,0,0,15
20251118,2025,2,47,0,0,0,0,15
20251119,2025,3,47,0,0,0,0,15
20251120,2025,4,47,0,0,0,0,15
20251121,2025,5,47,0,0,0,0,15
20251122,2025,6,47,8,0,0,0,15
20251123,2025,7,47,8,0,0,0,15
20251124,2025,1,48,0,0,0,0,15
20251125,2025,2,48,0,0,0,0,15
20251126,2025,3,48,0,0,0,0,15
20251127,2025,4,48,0,0,0,0,15
20251128,2025,5,48,0,0,0,0,15
20251129,2025,6,48,8,0,0,0,15
20251130,2025,7,48,8,0,0,0,15
20251201,2025,1,49,0,0,0,0,15
20251202,2025,2,49,0,0,0,0,15
20251203,2025,3,49,0,0,0,0,15
20251204,2025,4,49,0,0,0,0,15
20251205,2025,5,49,0,0,0,0,15
20251206,2025,6,49,8,0,0,0,15
20251207,2025,7,49,8,0,0,0,15
20251208,2025,1,50,0,0,0,0,15
20251209,2025,2,50,0,0,0,0,15
20251210,2025,3,50,0,0,0,0,15
20251211,2025,4,50,0,0,0,0,15
20251212,2025,5,50,0,0,0,0,15
20251213,2025,6,50,8,0,0,0,15
20251214,2025,7,50,8,0,0,0,15
20251215,2025,1,51,0,0,0,0,15
20251216,2025,2,51,0,0,0,0,15
20251217,2025,3,51,0,0,0,0,15
20251218,2025,4,51,0,0,0,0,15
20251219,2025,5,51,0,0,0,0,15
20251220,2025,6,51,8,0,0,0,15
20251221,2025,7,51,8,0,0,0,15
20251222,2025,1,52,0,0,0,0,15
20251223,2025,2,52,0,0,0,0,15
20251224,2025,3,52,0,0,0,0,15
20251225,2025,4,52,0,0,0,0,15
20251226,2025,5,52,0,0,0,0,15
20251227,2025,6,52,8,0,0,0,15
20251228,2025,7,52,8,0,0,0,15
20251229,2025,1,1,0,0,0,0,15
20251230,2025,2,1,0,0,0,0,15
20251231,2025,3,1,1,0,0,0,15
20260101,2026,4,1,1,3,1,0,15
20260102,2026,5,1,1,3,2,0,15
20260103,2026,6,1,1,3,3,0,15
20260104,2026,7,1,9,0,0,0,15
20260105,2026,1,2,0,0,0,0,15
20260106,2026,2,2,0,0,0,0,15
20260107,2026,3,2,0,0,0,0,15
20260108,2026,4,2,0,0,0,0,15
20260109,2026,5,2,0,0,0,0,15
20260110,2026,6,2,8,0,0,0,15
20260111,2026,7,2,8,0,0,0,15
20260112,2026,1,3,0,0,0,0,15
20260113,2026,2,3,0,0,0,0,15
20260114,2026,3,3,0,0,0,0,15
20260115,2026,4,3,0,0,0,0,15
20260116,2026,5,3,0,0,0,0,15
20260117,2026,6,3,8,0,0,0,15
20260118,2026,7,3,8,0,0,0,15
20260119,2026,1,4,0,0,0,0,15
20260120,2026,2,4,0,0,0,0,15
20260121,2026,3,4,0,0,0,0,15
20260122,2026,4,4,0,0,0,0,15
20260123,2026,5,4,0,0,0,0,15
20260124,2026,6,4,8,0,0,0,15
20260125,2026,7,4,8,0,0,0,15
20260126,2026,1,5,0,0,0,0,15
20260127,2026,2,5,0,0,0,0,15
20260128,2026,3,5,0,0,0,0,15
20260129,2026,4,5,0,0,0,0,15
20260130,2026,5,5,0,0,0,0,15
20260131,2026,6,5,8,0,0,0,15
20260201,2026,7,5,8,0,0,0,15
20260202,2026,1,6,0,0,0,0,15
20260203,2026,2,6,0,0,0,0,15
20260204,2026,3,6,0,0,0,0,15
20260205,2026,4,6,0,0,0,0,15
20260206,2026,5,6,0,0,0,0,15
20260207,2026,6,6,8,0,0,0,15
20260208,2026,7,6,8,0,0,0,15
20260209,2026,1,7,0,0,0,0,15
20260210,2026,2,7,0,0,0,0,15
20260211,2026,3,7,0,0,0,0,15
20260212,2026,4,7,0,0,0,0,15
20260213,2026,5,7,0,0,0,0,15
20260214,2026,6,7,9,0,0,0,15
20260215,2026,7,7,2,9,1,0,15
20260216,2026,1,8,2,9,2,0,15
20260217,2026,2,8,2,9,3,0,15
20260218,2026,3,8,2,9,4,0,15
20260219,2026,4,8,2,9,5,0,15
20260220,2026,5,8,2,9,6,0,15
20260221,2026,6,8,2,9,7,0,15
20260222,2026,7,8,2,9,8,0,15
20260223,2026,1,9,2,9,9,0,15
20260224,2026,2,9,2,0,10,0,15
20260225,2026,3,9,0,0,0,0,15
20260226,2026,4,9,0,0,0,0,15
20260227,2026,5,9,0,0,0,0,15
20260228,2026,6,9,9,0,0,0,15
20260301,2026,7,9,8,0,0,0,15
20260302,2026,1,10,0,0,0,0,15
20260303,2026,2,10,0,0,0,0,15
20260304,2026,3,10,0,0,0,0,15
20260305,2026,4,10,0,0,0,0,15
20260306,2026,5,10,0,0,0,0,15
20260307,2026,6,10,8,0,0,0,15
20260308,2026,7,10,8,0,0,0,15
20260309,2026,1,11,0,0,0,0,15
20260310,2026,2,11,0,0,0,0,15
20260311,2026,3,11,0,0,0,0,15
20260312,2026,4,11,0,0,0,0,15
20260313,2026,5,11,0,0,0,0,15
20260314,2026,6,11,8,0,0,0,15
20260315,2026,7,11,8,0,0,0,15
20260316,2026,1,12,0,0,0,0,15
20260317,2026,2,12,0,0,0,0,15
20260318,2026,3,12,0,0,0,0,15
20260319,2026,4,12,0,0,0,0,15
20260320,2026,5,12,0,0,0,0,15
20260321,2026,6,12,8,0,0,0,15
20260322,2026,7,12,8,0,0,0,15
20260323,2026,1,13,0,0,0,0,15
20260324,2026,2,13,0,0,0,0,15
20260325,2026,3,13,0,0,0,0,15
20260326,2026,4,13,0,0,0,0,15
20260327,2026,5,13,0,0,0,0,15
20260328,2026,6,13,8,0,0,0,15
20260329,2026,7,13,8,0,0,0,15
20260330,2026,1,14,0,0,0,0,15
20260331,2026,2,14,0,0,0,0,15
20260401,2026,3,14,0,0,0,0,15
20260402,2026,4,14,0,0,0,0,15
20260403,2026,5,14,3,0,0,0,15
20260404,2026,6,14,3,3,1,0,15
20260405,2026,7,14,3,3,2,0,15
20260406,2026,1,15,3,3,3,0,15
20260407,2026,2,15,3,0,4,0,15
20260408,2026,3,15,0,0,0,0,15
20260409,2026,4,15,0,0,0,0,15
20260410,2026,5,15,0,0,0,0,15
20260411,2026,6,15,8,0,0,0,15
20260412,2026,7,15,8,0,0,0,15
20260413,2026,1,16,0,0,0,0,15
20260414,2026,2,16,0,0,0,0,15
20260415,2026,3,16,0,0,0,0,15
20260416,2026,4,16,0,0,0,0,15
20260417,2026,5,16,0,0,0,0,15
20260418,2026,6,16,8,0,0,0,15
20260419,2026,7,16,8,0,0,0,15
20260420,2026,1,17,0,0,0,0,15
20260421,2026,2,17,0,0,0,0,15
20260422,2026,3,17,0,0,0,0,15
20260423,2026,4,17,0,0,0,0,15
20260424,2026,5,17,0,0,0,0,15
20260425,2026,6,17,8,0,0,0,15
20260426,2026,7,17,8,0,0,0,15
20260427,2026,1,18,0,0,0,0,15
20260428,2026,2,18,0,0,0,0,15
20260429,2026,3,18,0,0,0,0,15
20260430,2026,4,18,4,0,0,0,15
20260501,2026,5,18,4,5,1,0,15
20260502,2026,6,18,4,5,2,0,15
20260503,2026,7,18,4,5,3,0,15
20260504,2026,1,19,4,5,4,0,15
20260505,2026,2,19,4,5,5,0,15
20260506,2026,3,19,4,0,6,0,15
20260507,2026,4,19,0,0,0,0,15
20260508,2026,5,19,0,0,0,0,15
20260509,2026,6,19,9,0,0,0,15
20260510,2026,7,19,8,0,0,0,15
20260511,2026,1,20,0,0,0,0,15
20260512,2026,2,20,0,0,0,0,15
20260513,2026,3,20,0,0,0,0,15
20260514,2026,4,20,0,0,0,0,15
20260515,2026,5,20,0,0,0,0,15
20260516,2026,6,20,8,0,0,0,15
20260517,2026,7,20,8,0,0,0,15
20260518,2026,1,21,0,0,0,0,15
20260519,2026,2,21,0,0,0,0,15
20260520,2026,3,21,0,0,0,0,15
20260521,2026,4,21,0,0,0,0,15
20260522,2026,5,21,0,0,0,0,15
20260523,2026,6,21,8,0,0,0,15
20260524,2026,7,21,8,0,0,0,15
20260525,2026,1,22,0,0,0,0,15
20260526,2026,2,22,0,0,0,0,15
20260527,2026,3,22,0,0,0,0,15
20260528,2026,4,22,0,0,0,0,15
20260529,2026,5,22,0,0,0,0,15
20260530,2026,6,22,8,0,0,0,15
20260531,2026,7,22,8,0,0,0,15
20260601,2026,1,23,0,0,0,0,15
20260602,2026,2,23,0,0,0,0,15
20260603,2026,3,23,0,0,0,0,15
20260604,2026,4,23,0,0,0,0,15
20260605,2026,5,23,0,0,0,0,15
20260606,2026,6,23,8,0,0,0,15
20260607,2026,7,23,8,0,0,0,15
20260608,2026,1,24,0,0,0,0,15
20260609,2026,2,24,0,0,0,0,15
20260610,2026,3,24,0,0,0,0,15
20260611,2026,4,24,0,0,0,0,15
20260612,2026,5,24,0,0,0,0,15
20260613,2026,6,24,8,0,0,0,15
20260614,2026,7,24,8,0,0,0,15
20260615,2026,1,25,0,0,0,0,15
20260616,2026,2,25,0,0,0,0,15
20260617,2026,3,25,0,0,0,0,15
20260618,2026,4,25,5,0,0,0,15
20260619,2026,5,25,5,3,1,0,15
20260620,2026,6,25,5,3,2,0,15
20260621,2026,7,25,5,3,3,0,15
20260622,2026,1,26,5,0,4,0,15
20260623,2026,2,26,0,0,0,0,15
20260624,2026,3,26,0,0,0,0,15
20260625,2026,4,26,0,0,0,0,15
20260626,2026,5,26,0,0,0,0,15
20260627,2026,6,26,8,0,0,0,15
20260628,2026,7,26,8,0,0,0,15
20260629,2026,1,27,0,0,0,0,15
20260630,2026,2,27,0,0,0,0,15
20260701,2026,3,27,11,0,0,0,15
20260702,2026,4,27,11,0,0,0,15
20260703,2026,5,27,11,0,0,0,15
20260704,2026,6,27,11,0,0,0,15
20260705,2026,7,27,11,0,0,0,15
20260706,2026,1,28,11,0,0,0,15
20260707,2026,2,28,11,0,0,0,15
20260708,2026,3,28,11,0,0,0,15
20260709,2026,4,28,11,0,0,0,15
20260710,2026,5,28,11,0,0,0,15
20260711,2026,6,28,11,0,0,0,15
20260712,2026,7,28,11,0,0,0,15
20260713,2026,1,29,11,0,0,0,15
20260714,2026,2,29,11,0,0,0,15
20260715,2026,3,29,11,0,0,0,15
20260716,2026,4,29,11,0,0,0,15
20260717,2026,5,29,11,0,0,0,15
20260718,2026,6,29,11,0,0,0,15
20260719,2026,7,29,11,0,0,0,15
20260720,2026,1,30,11,0,0,0,15
20260721,2026,2,30,11,0,0,0,15
20260722,2026,3,30,11,0,0,0,15
20260723,2026,4,30,11,0,0,0,15
20260724,2026,5,30,11,0,0,0,15
20260725,2026,6,30,11,0,0,0,15
20260726,2026,7,30,11,0,0,0,15
20260727,2026,1,31,11,0,0,0,15
20260728,2026,2,31,11,0,0,0,15
20260729,2026,3,31,11,0,0,0,15
20260730,2026,4,31,11,0,0,0,15
20260731,2026,5,31,11,0,0,0,15
20260801,2026,6,31,11,0,0,0,15
20260802,2026,7,31,11,0,0,0,15
20260803,2026,1,32,11,0,0,0,15
20260804,2026,2,32,11,0,0,0,15
20260805,2026,3,32,11,0,0,0,15
20260806,2026,4,32,11,0,0,0,15
20260807,2026,5,32,11,0,0,0,15
20260808,2026,6,32,11,0,0,0,15
20260809,2026,7,32,11,0,0,0,15
20260810,2026,1,33,11,0,0,0,15
20260811,2026,2,33,11,0,0,0,15
20260812,2026,3,33,11,0,0,0,15
20260813,2026,4,33,11,0,0,0,15
20260814,2026,5,33,11,0,0,0,15
20260815,2026,6,33,11,0,0,0,15
20260816,2026,7,33,11,0,0,0,15
20260817,2026,1,34,11,0,0,0,15
20260818,2026,2,34,11,0,0,0,15
20260819,2026,3,34,11,0,0,0,15
20260820,2026,4,34,11,0,0,0,15
20260821,2026,5,34,11,0,0,0,15
20260822,2026,6,34,11,0,0,0,15
20260823,2026,7,34,11,0,0,0,15
20260824,2026,1,35,11,0,0,0,15
20260825,2026,2,35,11,0,0,0,15
20260826,2026,3,35,11,0,0,0,15
20260827,2026,4,35,11,0,0,0,15
20260828,2026,5,35,11,0,0,0,15
20260829,2026,6,35,11,0,0,0,15
20260830,2026,7,35,11,0,0,0,15
20260831,2026,1,36,11,0,0,0,15
20260901,2026,2,36,0,0,0,0,15
20260902,2026,3,36,0,0,0,0,15
20260903,2026,4,36,0,0,0,0,15
20260904,2026,5,36,0,0,0,0,15
20260905,2026,6,36,8,0,0,0,15
20260906,2026,7,36,8,0,0,0,15
20260907,2026,1,37,0,0,0,0,15
20260908,2026,2,37,0,0,0,0,15
20260909,2026,3,37,0,0,0,0,15
20260910,2026,4,37,0,0,0,0,15
20260911,2026,5,37,0,0,0,0,15
20260912,2026,6,37,8,0,0,0,15
20260913,2026,7,37,8,0,0,0,15
20260914,2026,1,38,0,0,0,0,15
20260915,2026,2,38,0,0,0,0,15
20260916,2026,3,38,0,0,0,0,15
20260917,2026,4,38,0,0,0,0,15
20260918,2026,5,38,0,0,0,0,15
20260919,2026,6,38,8,0,0,0,15
20260920,2026,7,38,9,0,0,0,15
20260921,2026,1,39,0,0,0,0,15
20260922,2026,2,39,0,0,0,0,15
20260923,2026,3,39,0,0,0,0,15
20260924,2026,4,39,6,0,0,0,15
20260925,2026,5,39,6,3,1,0,15
20260926,2026,6,39,6,3,2,0,15
20260927,2026,7,39,6,3,3,0,15
20260928,2026,1,40,6,0,4,0,15
20260929,2026,2,40,0,0,0,0,15
20260930,2026,3,40,7,0,0,0,15
20261001,2026,4,40,7,7,1,0,15
20261002,2026,5,40,7,7,2,0,15
20261003,2026,6,40,7,7,3,0,15
20261004,2026,7,40,7,7,4,0,15
20261005,2026,1,41,7,7,5,0,15
20261006,2026,2,41,7,7,6,0,15
20261007,2026,3,41,7,7,7,0,15
20261008,2026,4,41,7,0,8,0,15
20261009,2026,5,41,7,0,9,0,15
20261010,2026,6,41,9,0,0,0,15
20261011,2026,7,41,8,0,0,0,15
20261012,2026,1,42,0,0,0,0,15
20261013,2026,2,42,0,0,0,0,15
20261014,2026,3,42,0,0,0,0,15
20261015,2026,4,42,0,0,0,0,15
20261016,2026,5,42,0,0,0,0,15
20261017,2026,6,42,8,0,0,0,15
20261018,2026,7,42,8,0,0,0,15
20261019,2026,1,43,0,0,0,0,15
20261020,2026,2,43,0,0,0,0,15
20261021,2026,3,43,0,0,0,0,15
20261022,2026,4,43,0,0,0,0,15
20261023,2026,5,43,0,0,0,0,15
20261024,2026,6,43,8,0,0,0,15
20261025,2026,7,43,8,0,0,0,15
20261026,2026,1,44,0,0,0,0,15
20261027,2026,2,44,0,0,0,0,15
20261028,2026,3,44,0,0,0,0,15
20261029,2026,4,44,0,0,0,0,15
20261030,2026,5,44,0,0,0,0,15
20261031,2026,6,44,8,0,0,0,15
20261101,2026,7,44,8,0,0,0,15
20261102,2026,1,45,0,0,0,0,15
20261103,2026,2,45,0,0,0,0,15
20261104,2026,3,45,0,0,0,0,15
20261105,2026,4,45,0,0,0,0,15
20261106,2026,5,45,0,0,0,0,15
20261107,2026,6,45,8,0,0,0,15
20261108,2026,7,45,8,0,0,0,15
20261109,2026,1,46,0,0,0,0,15
20261110,2026,2,46,0,0,0,0,15
20261111,2026,3,46,0,0,0,0,15
20261112,2026,4,46,0,0,0,0,15
20261113,2026,5,46,0,0,0,0,15
20261114,2026,6,46,8,0,0,0,15
20261115,2026,7,46,8,0,0,0,15
20261116,2026,1,47,0,0,0,0,15
20261117,2026,2,47,0,0,0,0,15
20261118,2026,3,47,0,0,0,0,15
20261119,2026,4,47,0,0,0,0,15
20261120,2026,5,47,0,0,0,0,15
20261121,2026,6,47,8,0,0,0,15
20261122,2026,7,47,8,0,0,0,15
20261123,2026,1,48,0,0,0,0,15
20261124,2026,2,48,0,0,0,0,15
20261125,2026,3,48,0,0,0,0,15
20261126,2026,4,48,0,0,0,0,15
20261127,2026,5,48,0,0,0,0,15
20261128,2026,6,48,8,0,0,0,15
20261129,2026,7,48,8,0,0,0,15
20261130,2026,1,49,0,0,0,0,15
20261201,2026,2,49,0,0,0,0,15
20261202,2026,3,49,0,0,0,0,15
20261203,2026,4,49,0,0,0,0,15
20261204,2026,5,49,0,0,0,0,15
20261205,2026,6,49,8,0,0,0,15
20261206,2026,7,49,8,0,0,0,15
20261207,2026,1,50,0,0,0,0,15
20261208,2026,2,50,0,0,0,0,15
20261209,2026,3,50,0,0,0,0,15
20261210,2026,4,50,0,0,0,0,15
20261211,2026,5,50,0,0,0,0,15
20261212,2026,6,50,8,0,0,0,15
20261213,2026,7,50,8,0,0,0,15
20261214,2026,1,51,0,0,0,0,15
20261215,2026,2,51,0,0,0,0,15
20261216,2026,3,51,0,0,0,0,15
20261217,2026,4,51,0,0,0,0,15
20261218,2026,5,51,0,0,0,0,15
20261219,2026,6,51,8,0,0,0,15
20261220,2026,7,51,8,0,0,0,15
20261221,2026,1,52,0,0,0,0,15
20261222,2026,2,52,0,0,0,0,15
20261223,2026,3,52,0,0,0,0,15
20261224,2026,4,52,0,0,0,0,15
20261225,2026,5,52,0,0,0,0,15
20261226,2026,6,52,8,0,0,0,15
20261227,2026,7,52,8,0,0,0,15
20261228,2026,1,53,0,0,0,0,15
20261229,2026,2,53,0,0,0,0,15
20261230,2026,3,53,0,0,0,0,15
20261231,2026,4,53,0,0,0,0,15
